question,answer,mattany_metaphor_v6,metaphor_v6_score,metaphor_v6_reason,reddit_url,match_score,original_question,original_answer
Why were rabbits so invasive in Australia?,"Ooh, nice question. It's the result of a long list of factors.

Due to Australia's highly variable weather patterns, the majority of the native fauna exists in boom-bust cycles. Animals will just barely hang on during multiple years of drought, then explode with the rains, unlike European fauna, which is used to breeding regularly every year (or sooner).

Australia had a number of large marsupial predators, but these became extinct with indigenous settlement. By the time that Europeans colonised Australia, the only predators above rabbit-size were the thylacine, the Tasmanian devil, a few large birds of prey, crocodiles, dingoes, and some pythons and monitor lizards, none of which are as rapacious as mammalian predators such as dogs and cats and foxes.

European settlement drastically modified the Australian environment. They dredged nearly all of the watercourses and swamps, logged forests and scrub, and demolished mallee habitat. All of this increased the extent of open grasslands. This was further compounded by the stopping of traditional burning practices, which increased the amount of fuel, which meant that fires spread further and burnt more.

So when European settlers introduced rabbits, their spread was virtually unchecked. Nothing could eat them quicker than they could reproduce. They were well adapted to thrive in grasslands and cropland, unlike the majority of their marsupial competitors, which rely on native bulbs/seeds/leaves/fruits/insects (the exception to this rule is kangaroos, which have also become a pest in these conditions for the same reasons). Marsupials have smaller litters less frequently, but rabbits pump offspring out like it's going out of style. 

Just to fuck things up further, the spread of rabbits encouraged the spread of other introduced predators such as dogs, cats, and foxes. These predators are now spread nearly throughout the whole country just because rabbits are everywhere to feed them. However, they also eat native fauna whenever they can-- but while rabbits can shrug off the loss of a litter or two, native fauna are not so numerous, and this artificially inflated predation rate is wiping them out. Rabbits have essentially set predators on their marsupial competitors.

So, yeah. Australia is essentially a slow country full of slow creatures used to just holding on, and rabbits are fast creatures from a fast country used to constant resources. Settlers gave them those resources, and they responded accordingly.",1.0,0.5926665999540698,Text uses existing metaphoric language such as 'boom-bust cycles' and lacks novel or expressive metaphors as defined in the criteria.,https://reddit.com/r/askscience/comments/jvtiz/why_were_rabbits_so_invasive_in_australia/,1.0,why were rabbits so invasive in australia?,"ooh, nice question. it's the result of a long list of factors. due to australia's highly variable weather patterns, the majority of the native fauna exists in boom-bust cycles. animals will just barely hang on during multiple years of drought, then explode with the rains, unlike european fauna, which is used to breeding regularly every year (or sooner). australia had a number of large marsupial predators, but these became extinct with indigenous settlement. by the time that europeans colonised australia, the only predators above rabbit-size were the thylacine, the tasmanian devil, a few large birds of prey, crocodiles, dingoes, and some pythons and monitor lizards, none of which are as rapacious as mammalian predators such as dogs and cats and foxes. european settlement drastically modified the australian environment. they dredged nearly all of the watercourses and swamps, logged forests and scrub, and demolished mallee habitat. all of this increased the extent of open grasslands. this was further compounded by the stopping of traditional burning practices, which increased the amount of fuel, which meant that fires spread further and burnt more. so when european settlers introduced rabbits, their spread was virtually unchecked. nothing could eat them quicker than they could reproduce. they were well adapted to thrive in grasslands and cropland, unlike the majority of their marsupial competitors, which rely on native bulbs/seeds/leaves/fruits/insects (the exception to this rule is kangaroos, which have also become a pest in these conditions for the same reasons). marsupials have smaller litters less frequently, but rabbits pump offspring out like it's going out of style. just to fuck things up further, the spread of rabbits encouraged the spread of other introduced predators such as dogs, cats, and foxes. these predators are now spread nearly throughout the whole country just because rabbits are everywhere to feed them. however, they also eat native fauna whenever they can-- but while rabbits can shrug off the loss of a litter or two, native fauna are not so numerous, and this artificially inflated predation rate is wiping them out. rabbits have essentially set predators on their marsupial competitors. so, yeah. australia is essentially a slow country full of slow creatures used to just holding on, and rabbits are fast creatures from a fast country used to constant resources. settlers gave them those resources, and they responded accordingly."
Why can't tooth resorption be treated more subtly than via root canal?,"If there was a way to remove the inflammatory mediators from the system it would definitely be the preferred treatment. However the root cause of resorption isn't 100% understood and targeting a single tooth pharmacologically would probably be quite difficult, so unfortunately at this time NSRCT is the only real treatment that has a decent long term prognosis. External resorption is a different beast that I pray you never have to deal with.",0.0,0.705785040214066,"The phrase 'external resorption is a different beast' is a conventional metaphor and doesn't introduce novel, expressive figurative framing.",https://reddit.com/r/askscience/comments/3axhxo/why_cant_tooth_resorption_be_treated_more_subtly/,1.0,why can't tooth resorption be treated more subtly than via root canal?,"if there was a way to remove the inflammatory mediators from the system it would definitely be the preferred treatment. however the root cause of resorption isn't 100% understood and targeting a single tooth pharmacologically would probably be quite difficult, so unfortunately at this time nsrct is the only real treatment that has a decent long term prognosis. external resorption is a different beast that i pray you never have to deal with."
"Why is it that human brains are able to ""auto-pilot"" certain commands, such as play the piano, video games, sports etc... But when we start to think about it, we completely lose rhythm?","[I suspect this article is what you are interesting in.](https://www.mpg.de/7738341/brain-architecture-daydreaming)

In short, there are different parts of the brain that are responsible for reacting to novel stimuli and carrying out tasks of habit. Different parts of the brain can suppress the activities of others. Very roughly, the more parts of the brain are involved in dealing with a task, the more time it takes for them to reach a consensus and react. 

I suspect that ""consciously"" thinking about something sets up a conflict between the part of the brain that carries out habitual activities and the part of the brain responsible for higher thinking and novel reactions (see article above). This comes with a ""loss of groove"" as the various parts resolve conflicting signals. It is the cognitive equivalent of an overly attentive manager inserting himself into the workers' work to try things himself and ask questions, thus slowing everything down.",1.0,1.0,"The passage uses a novel and imaginative metaphor by comparing brain activity to an 'overly attentive manager inserting himself into the workers' work,' which introduces expressive figurative framing.",https://reddit.com/r/askscience/comments/4tf88i/why_is_it_that_human_brains_are_able_to_autopilot/,0.9666666666666668,"why is it that human brains are able to ""auto-pilot"" certain commands, such as play the piano, video games, sports etc... but when we start to think about it, we completely lose rhythm?","[i suspect this article is what you are interesting in.](_url_0_) in short, there are different parts of the brain that are responsible for reacting to novel stimuli and carrying out tasks of habit. different parts of the brain can suppress the activities of others. very roughly, the more parts of the brain are involved in dealing with a task, the more time it takes for them to reach a consensus and react. i suspect that ""consciously"" thinking about something sets up a conflict between the part of the brain that carries out habitual activities and the part of the brain responsible for higher thinking and novel reactions (see article above). this comes with a ""loss of groove"" as the various parts resolve conflicting signals. it is the cognitive equivalent of an overly attentive manager inserting himself into the workers' work to try things himself and ask questions, thus slowing everything down."
"If inflammation is our bodies natural response to injury, why do so many modern treatments seek to reduce it?","Copypasting an old [comment](http://www.reddit.com/r/askscience/comments/md4mf/if_a_knife_cuts_your_finger_what_is_stimulating/c2zzwhh) of mine from a similar [thread](http://www.reddit.com/r/askscience/comments/md4mf/if_a_knife_cuts_your_finger_what_is_stimulating/):

Take two guys, Caveman Jack and Regular Jack. Caveman Jack cuts his hand on a stone. His immune system kicks into high gear and kicks some bacterial ass. Then his repair pathways kick in and start to rebuild the cut from the inside out, while the inflammatory response struts around the outside continuing to kick flagella (i.e., what could be considered the ""ass"" of a bacterium). This is good, because if those inflammatory cells didn't do that, the bugs would come in and make short work of the repair cells deeper in the wound. But there's a cost; inflammatory cells are generally overzealous and will do damage to things they shouldn't. It's a tradeoff, but a little extra damage or prolonged healing time is a small price to pay for staving off systemic bacterial infection. To further ensure that it doesn't get infected, his body sets up a pathway that makes him not want to touch that wound to anything; pain.

200,000 years later Regular Jack cuts his hand on the exact same stone (it could happen!). Inflammatory cells rush into the wound and kick microbial ass. Jack washes out the cut. He bandages it. It's clean now, and it's not open. If he touches the bandage to something, it doesn't really matter because the bandage makes an effective barrier between the wound and the outside world; the bacteria sit on the outside of the bandage until Jack changes the dressing that evening. And then slathers it with DIAF brand antibacterial ointment. The bacteria from the original wound were wiped out in the Great Peroxide Flood of Earlier This Morning, and now any bacteria that may have hitched a ride nearby hits the Gelatinous Beast of Pain and Death as they drift near the wound. The bugs don't stand a chance against the concerted efforts of Jack, an industrial society, and the local pharmacy.

But those inflammatory cells are still operating under programming that is the result of hundreds of millions of years of evolution that each say ""Bacteria are freaking everywhere, and panic is the reasonable response here.""

So the inflammatory cells stay and play. But there is no tradeoff anymore. The risk of infection is greatly reduced, but the price of that constant patrol is the same as before. So Regular Jack takes 400mg of STFU brand ibuprofen which causes the inflammatory cells back off a bit, and the pain pathway eases up for a while.

That is GROSSLY oversimplified, but to give it a proper treatment would take a textbook or three.",1.0,1.0,"The passage uses novel metaphoric language such as 'inflammatory response struts around,' 'bugs would come in and make short work,' 'bacteria sit on the outside,' and 'the gelatinous beast of pain and death,' which are inventive and non-literal in framing biological concepts.",https://reddit.com/r/askscience/comments/vzefq/if_inflammation_is_our_bodies_natural_response_to/,0.9912280701754386,"if inflammation is our bodies natural response to injury, why do so many modern treatments seek to reduce it?","copypasting an old [comment](_url_0_) of mine from a similar [thread](_url_1_): take two guys, caveman jack and regular jack. caveman jack cuts his hand on a stone. his immune system kicks into high gear and kicks some bacterial ass. then his repair pathways kick in and start to rebuild the cut from the inside out, while the inflammatory response struts around the outside continuing to kick flagella (i.e., what could be considered the ""ass"" of a bacterium). this is good, because if those inflammatory cells didn't do that, the bugs would come in and make short work of the repair cells deeper in the wound. but there's a cost; inflammatory cells are generally overzealous and will do damage to things they shouldn't. it's a tradeoff, but a little extra damage or prolonged healing time is a small price to pay for staving off systemic bacterial infection. to further ensure that it doesn't get infected, his body sets up a pathway that makes him not want to touch that wound to anything; pain. 200,000 years later regular jack cuts his hand on the exact same stone (it could happen!). inflammatory cells rush into the wound and kick microbial ass. jack washes out the cut. he bandages it. it's clean now, and it's not open. if he touches the bandage to something, it doesn't really matter because the bandage makes an effective barrier between the wound and the outside world; the bacteria sit on the outside of the bandage until jack changes the dressing that evening. and then slathers it with diaf brand antibacterial ointment. the bacteria from the original wound were wiped out in the great peroxide flood of earlier this morning, and now any bacteria that may have hitched a ride nearby hits the gelatinous beast of pain and death as they drift near the wound. the bugs don't stand a chance against the concerted efforts of jack, an industrial society, and the local pharmacy. but those inflammatory cells are still operating under programming that is the result of hundreds of millions of years of evolution that each say ""bacteria are freaking everywhere, and panic is the reasonable response here."" so the inflammatory cells stay and play. but there is no tradeoff anymore. the risk of infection is greatly reduced, but the price of that constant patrol is the same as before. so regular jack takes 400mg of stfu brand ibuprofen which causes the inflammatory cells back off a bit, and the pain pathway eases up for a while. that is grossly oversimplified, but to give it a proper treatment would take a textbook or three."
"Do the past or future currently ""exist"" in some dimension or form?","If you read the mathematics of relativity as literal and take the notion of ""time as a dimension"" as seriously as you can (*do so at your own risk!*) you find that the shape and volume of objects is not the traditional 3D volume we are familiar with, but a ""world volume"" which sweeps throughout time. Time is an address. Our sense of the present is then akin to a passenger on a roller-coaster. Here's a picture to get the idea across,  

* https://upload.wikimedia.org/wikipedia/commons/thumb/e/e6/Brane-wlwswv.png/530px-Brane-wlwswv.png  

This actually generates some problems as this picture implies that nothing moves. Everything can be viewed as a fixed and suspended volume like the fat marbling on a steak.
Here's another take on the issue:  

>[In quantum mechanics:] Time is not a physical observable in the normal sense since it is not represented by an operator. Rather, it is treated as a background parameter which, as in classical physics, is used to mark the evolution of the system. In particular, it provides the parameter t in the time-dependent Schrodinger equation

>[In relativity:] If time is indeed merely a coordinate on [the manifold] ***M*** and hence of no direct physical significance-how does the, all-too-real, property of change emerge from the formalism?

* Isham, Chris J. ""Canonical quantum gravity and the problem of time."" Integrable systems, quantum groups, and quantum field theories. Springer Netherlands, 1993. 157-287.

There are some good arguments that a ""time operator"" and ""time eigenvalue"" is inconsistent with quantum mechanics. I've generally seen it done using the [Stone—von Neumann theorem](https://en.wikipedia.org/wiki/Stone%E2%80%93von_Neumann_theorem) You can read a better way to treat time in QM here:  

* Mandelshtam, Tamm, The uncertainty relation between energy and time in nonrelativistic quantum mechanics, Izv. Akad. Nauk SSSR (ser. Fiz.) 9 (1945) 122-128. (English translation: J. Phys. (USSR) 9 (1945), 249-254.) http://daarb.narod.ru/mandtamm/mt-eng.pdf

* http://math.ucr.edu/home/baez/uncertainty.html",1.0,0.8807970811069351,Novel metaphor is present with the concept of 'time as a dimension' framed as a 'world volume' sweeping through time and the sense of the present as a 'passenger on a roller-coaster'.,https://reddit.com/r/askscience/comments/474432/do_the_past_or_future_currently_exist_in_some/,0.75,"do the past or future currently ""exist"" in some dimension or form?","if you read the mathematics of relativity as literal and take the notion of ""time as a dimension"" as seriously as you can (*do so at your own risk!*) you find that the shape and volume of objects is not the traditional 3d volume we are familiar with, but a ""world volume"" which sweeps throughout time. time is an address. our sense of the present is then akin to a passenger on a roller-coaster. here's a picture to get the idea across, * _url_0_ this actually generates some problems as this picture implies that nothing moves. everything can be viewed as a fixed and suspended volume like the fat marbling on a steak. here's another take on the issue: * isham, chris j. ""canonical quantum gravity and the problem of time."" integrable systems, quantum groups, and quantum field theories. springer netherlands, 1993. 157-287. there are some good arguments that a ""time operator"" and ""time eigenvalue"" is inconsistent with quantum mechanics. i've generally seen it done using the [stone—von neumann theorem](_url_3_) you can read a better way to treat time in qm here: * mandelshtam, tamm, the uncertainty relation between energy and time in nonrelativistic quantum mechanics, izv. akad. nauk sssr (ser. fiz.) 9 (1945) 122-128. (english translation: j. phys. (ussr) 9 (1945), 249-254.) _url_2_ * _url_1_"
If Jupiter is gas giant does it have a surface that you could theoretically stand on ?,"This is a cool question with a (scientifically) cooler answer: We have no idea!

Nothing we have, no sensor or probe or anything, can grind through the chaos that is Jupiter's ever thickening layers.

[These guys at NASA](http://spaceplace.nasa.gov/review/dr-marc-solar-system/gas-giants.html) are pretty smart though, and they say that at some point you're going to encounter liquid metal hydrogen.

Let me just say that again, because it's pretty friggen cool:

LIQUID METAL HYDROGEN!

Ahem, anyway!

We're talking about (theoretically) temperatures hotter than the surface of the sun. Physics and chemistry kind of take a vacation when you get that deep, and just start making stuff up.

But I'm betting that rather than being able to stand on it, you would melt in a rather pretty fashion.

Edit: To remove my excited swearing.

Edit 2: Yes, I know that physics and chemistry still apply. I was anthropomorphizing science, because we all know what a big sexy beast she is, even when she goes off the deep end.

Edit 3: Hey, pro_astronomer is here, you should probably check out his posts since he's... a pro astronomer. :)

Edit 4: Gah, didn't realize the thread would take off. o-o Right [liquid metalic hydrogen](http://arxiv.org/abs/cond-mat/0410408). In a nutshell, when you take hydrogen and put it under four MILLION bars of pressure, you get liquid metalic hydrogen (there are other ways to produce it, but we're talking Jupiter of course). It's hydrogen that flows like Mercury, and likely is the (or one of the) source(s) of Jupiter's magnetic field. It's likely a [superconductor... AND a superfluid](http://adsabs.harvard.edu/abs/2004Natur.431..669B), trasitioning between these phases. This is kind of the upper limit of my knowledge of the stuff, please don't hurt me.

Final Edit: Thanks for the love guys, I'm off to bed here in the UK. Plenty of experts here now, who I'm sure will love to answer your questions! =)",1.0,0.8175744828610094,"The passage uses the metaphor 'physics and chemistry kind of take a vacation' which is a novel, active metaphor, framing science in a non-literal, playful manner.",https://reddit.com/r/askscience/comments/ncg05/if_jupiter_is_gas_giant_does_it_have_a_surface/,0.9081081081081082,if jupiter is gas giant does it have a surface that you could theoretically stand on ?,"this is a cool question with a (scientifically) cooler answer: we have no idea! nothing we have, no sensor or probe or anything, can grind through the chaos that is jupiter's ever thickening layers. [these guys at nasa](_url_2_) are pretty smart though, and they say that at some point you're going to encounter liquid metal hydrogen. let me just say that again, because it's pretty friggen cool: liquid metal hydrogen! ahem, anyway! we're talking about (theoretically) temperatures hotter than the surface of the sun. physics and chemistry kind of take a vacation when you get that deep, and just start making stuff up. but i'm betting that rather than being able to stand on it, you would melt in a rather pretty fashion. edit: to remove my excited swearing. edit 2: yes, i know that physics and chemistry still apply. i was anthropomorphizing science, because we all know what a big sexy beast she is, even when she goes off the deep end. edit 3: hey, pro_astronomer is here, you should probably check out his posts since he's... a pro astronomer. :) edit 4: gah, didn't realize the thread would take off. o-o right [liquid metalic hydrogen](_url_1_). in a nutshell, when you take hydrogen and put it under four million bars of pressure, you get liquid metalic hydrogen (there are other ways to produce it, but we're talking jupiter of course). it's hydrogen that flows like mercury, and likely is the (or one of the) source(s) of jupiter's magnetic field. it's likely a [superconductor... and a superfluid](_url_0_), trasitioning between these phases. this is kind of the upper limit of my knowledge of the stuff, please don't hurt me. final edit: thanks for the love guys, i'm off to bed here in the uk. plenty of experts here now, who i'm sure will love to answer your questions! =)"
"When a young, still-growing teenager becomes pregnant, does the pregnancy sap resources that would otherwise be used to help her grow?","Yes, it will. The mother in the first trimester of pregnancy begins to adapt to the growing needs of a developing fetus (store fat, become insulin resistant etc.). However, in the later stages of pregnancy, there is a battle of resources between the mother and the fetus, where the fetus is synonymous to a parasite. Given the increased needs of a teen mother, the fetus' energy demands will take a toll on the mothers health. 

Edit: Also, the lack of developmental maturity in the mother may limit fetal growth. For example pelvic bones do not reach their maximum size until about the age of 18. This theory is known as maternal constraint 

http://www.sciencedirect.com/science/article/pii/S1084275604000120

",1.0,0.8807970795424087,"The passage introduces a novel metaphor by describing the fetus as 'synonymous to a parasite,' which presents an unexpected and expressive conceptual framing beyond a literal explanation.",https://reddit.com/r/askscience/comments/1dozdo/when_a_young_stillgrowing_teenager_becomes/,0.986842105263158,"when a young, still-growing teenager becomes pregnant, does the pregnancy sap resources that would otherwise be used to help her grow?","yes, it will. the mother in the first trimester of pregnancy begins to adapt to the growing needs of a developing fetus (store fat, become insulin resistant etc.). however, in the later stages of pregnancy, there is a battle of resources between the mother and the fetus, where the fetus is synonymous to a parasite. given the increased needs of a teen mother, the fetus' energy demands will take a toll on the mothers health. edit: also, the lack of developmental maturity in the mother may limit fetal growth. for example pelvic bones do not reach their maximum size until about the age of 18. this theory is known as maternal constraint _url_0_"
Is there any dark matter in my room right now?,"**Short answer:** Maybe. It depends what dark matter is.

**Long answer:** *Dark matter* is a bit of a catch all term. It's just meant to describe the bulk of the apparent gravitating mass in the universe which is not luminous. We don't know what it is yet. The evidence is really really good that it exists, we're just not sure what it is. 

Generally, 'dark matter' is used to refer to a presently unidentified kind of matter. For example, some people think that maybe there were just a whooole bunch of black holes floating through space, waaay more than any model for stellar evolution might predict, and since black holes don't give off light they would constitute 'dark matter'. But this isn't a favored answer for a long list of reasons. 

A more popular idea presently is that dark matter is some kind of particle. Aptly called 'particle dark matter.' This kind of dark matter would be a heavy and abundant particle which just doesn't interact with the electromagnetic force, so it doesn't give off light and it doesn't really clump into planets and stars the same way that atoms do. There are a lot of hypothetical candidates with all sorts of fun names, like sterile neutrinos, WIMPs, and axions. 

If one of these hypothetical candidates really is the dark matter, which whizzes around and could be all over the place, then there is probably some passing through your room right now, streaming through the earth like a ghost.",1.0,0.9579122701319096,The phrase 'streaming through the earth like a ghost' introduces a novel and imaginative figurative framing of dark matter.,https://reddit.com/r/askscience/comments/8vti73/is_there_any_dark_matter_in_my_room_right_now/,1.0,is there any dark matter in my room right now?,"**short answer:** maybe. it depends what dark matter is. **long answer:** *dark matter* is a bit of a catch all term. it's just meant to describe the bulk of the apparent gravitating mass in the universe which is not luminous. we don't know what it is yet. the evidence is really really good that it exists, we're just not sure what it is. generally, 'dark matter' is used to refer to a presently unidentified kind of matter. for example, some people think that maybe there were just a whooole bunch of black holes floating through space, waaay more than any model for stellar evolution might predict, and since black holes don't give off light they would constitute 'dark matter'. but this isn't a favored answer for a long list of reasons. a more popular idea presently is that dark matter is some kind of particle. aptly called 'particle dark matter.' this kind of dark matter would be a heavy and abundant particle which just doesn't interact with the electromagnetic force, so it doesn't give off light and it doesn't really clump into planets and stars the same way that atoms do. there are a lot of hypothetical candidates with all sorts of fun names, like sterile neutrinos, wimps, and axions. if one of these hypothetical candidates really is the dark matter, which whizzes around and could be all over the place, then there is probably some passing through your room right now, streaming through the earth like a ghost."
Does the magnetic field energy around a magnetar type neutron star have mass?,"**Short answer:** The magnetic field doesn't have mass; it is a massless field. However, the energy stored in the field is very real and can contribute to the overall effective mass of the star. 

**Long answer:** Recalling general relativity, mass *and energy* both curve spacetime, meaning that they contribute to the strength of gravitational fields. For example, a charged battery would register as ever so slightly heavier on a scale than an uncharged battery. This doesn't mean the battery is more massive or that there are more particles of matter present, it means something very different. It means the energy stored in it and that energy is gravitating too. This has funny consequences, like a kugelblitz- since light has energy it will curve spacetime, so it would be possible to create a black hole without any matter by just shining enough light in one spot. 

A strong magnetic field is a bit like this battery too. So, as you say, the very very strong magnetic field of a neutron star results in an energy density higher than the energy density of matter on earth. That's pretty wild. 

For comparison though, a neutron star is about one hundred trillion times the mass density of lead, so even though this magnetic field has an enormous energy density by earth standards (and by objective standards, these are the strongest magnetic fields in the universe), their energy density still pale in comparison to the energy density of neutron star matter. 

As for your last question, the magnetic field energy of neutron stars can be released, and such things have been observed. A handful of phenomena have been linked to rapid releases of magnetic energy from neutron stars, such as soft gamma repeaters. Hypothetical events include neutron star merger crust shattering flare, and explanations for fast radio bursts. All these phenomena use the reservoir of energy in the magnetic field to create high energy astrophysical phenomena, like snapping giant magnetic rubberbands. ",1.0,0.9399133536130196,"The passage uses a vivid metaphor 'snapping giant magnetic rubberbands' to describe the release of magnetic energy, which is novel and expressive, meeting the criteria for a metaphor.",https://reddit.com/r/askscience/comments/ab7hjt/does_the_magnetic_field_energy_around_a_magnetar/,1.0,does the magnetic field energy around a magnetar type neutron star have mass?,"**short answer:** the magnetic field doesn't have mass; it is a massless field. however, the energy stored in the field is very real and can contribute to the overall effective mass of the star. **long answer:** recalling general relativity, mass *and energy* both curve spacetime, meaning that they contribute to the strength of gravitational fields. for example, a charged battery would register as ever so slightly heavier on a scale than an uncharged battery. this doesn't mean the battery is more massive or that there are more particles of matter present, it means something very different. it means the energy stored in it and that energy is gravitating too. this has funny consequences, like a kugelblitz- since light has energy it will curve spacetime, so it would be possible to create a black hole without any matter by just shining enough light in one spot. a strong magnetic field is a bit like this battery too. so, as you say, the very very strong magnetic field of a neutron star results in an energy density higher than the energy density of matter on earth. that's pretty wild. for comparison though, a neutron star is about one hundred trillion times the mass density of lead, so even though this magnetic field has an enormous energy density by earth standards (and by objective standards, these are the strongest magnetic fields in the universe), their energy density still pale in comparison to the energy density of neutron star matter. as for your last question, the magnetic field energy of neutron stars can be released, and such things have been observed. a handful of phenomena have been linked to rapid releases of magnetic energy from neutron stars, such as soft gamma repeaters. hypothetical events include neutron star merger crust shattering flare, and explanations for fast radio bursts. all these phenomena use the reservoir of energy in the magnetic field to create high energy astrophysical phenomena, like snapping giant magnetic rubberbands."
"Considering that the internet is a web of multiple systems, can there be a single event that completely brings it down?","One that no one is mentioning is potentially the most likely and damaging.  BGP is the protocol that handles routing on the internet and is what enables the internet to be decentralized.  BGP is largely trust based, and there have been cases of companies saying they “own” IPs that they do not.  There have been several instances of countries trying to censor sites like YouTube. Generally this is done by “black holing” IP subnets. So for example, in that country, all traffic destined to You Tube would simply be discarded and your request would never make it to YouTube.  Since BGP propogates routes automatically and is latgely trust based, there have been times where these “null routes” escape from the country they are meant for, and impact global traffic.

There are of course many mitigations to this, but its conceivable that a specially crafted BGP hijack could significantly disrupt global traffic (as has already happened several times over the years).  I would definitely say BGP is right now the achilles hell of the internet, much more so than DNS (its just that many non-networking folks have likely never heard of it, while many people are aware of DNS)

Speaking of DNS, another risk to worry about is a DNS hijack(which are generally much less impactful than BGP hijacks), discussed in some other posts.  We are starting to see more of these schemes (sometimes in conjunction with a BGP hijack to point endusers DNS traffic to nefarious servers), and sometimes these schemes are designed to steal cryptocurrency.  As there is money in this, I would expect to see more and more of these types of attacks, especially if crypto prices go back up.

See more [here](https://en.m.wikipedia.org/wiki/BGP_hijacking) ",0.0,0.5926665999540697,"The text describes technical risks associated with BGP and DNS without introducing novel, expressive, or imaginative figurative framing beyond conventional explanation.",https://reddit.com/r/askscience/comments/azd4qp/considering_that_the_internet_is_a_web_of/,0.9938271604938272,"considering that the internet is a web of multiple systems, can there be a single event that completely brings it down?","one that no one is mentioning is potentially the most likely and damaging. bgp is the protocol that handles routing on the internet and is what enables the internet to be decentralized. bgp is largely trust based, and there have been cases of companies saying they “own” ips that they do not. there have been several instances of countries trying to censor sites like youtube. generally this is done by “black holing” ip subnets. so for example, in that country, all traffic destined to you tube would simply be discarded and your request would never make it to youtube. since bgp propogates routes automatically and is latgely trust based, there have been times where these “null routes” escape from the country they are meant for, and impact global traffic. there are of course many mitigations to this, but its conceivable that a specially crafted bgp hijack could significantly disrupt global traffic (as has already happened several times over the years). i would definitely say bgp is right now the achilles hell of the internet, much more so than dns (its just that many non-networking folks have likely never heard of it, while many people are aware of dns) speaking of dns, another risk to worry about is a dns hijack(which are generally much less impactful than bgp hijacks), discussed in some other posts. we are starting to see more of these schemes (sometimes in conjunction with a bgp hijack to point endusers dns traffic to nefarious servers), and sometimes these schemes are designed to steal cryptocurrency. as there is money in this, i would expect to see more and more of these types of attacks, especially if crypto prices go back up. see more [here](_url_0_)"
Can generalized anxiety spread throughout a group of individuals?,"Sure, and not just anxiety. Lots of emotional processing is heavily influenced by the affect of people around you, and if they have a negative affect or are predisposed to it then it's hardly surprising. It's also worth noting that a lot of affective/emotional processing happens below the level of conscious awareness, so it's quite possible for people to be ""feeding off each other's energy"" without being aware of it. This is super-simplified, and someone may well come along and flesh it out if they want, but short answer's yes.",1.0,0.4999999999999999,The phrase 'feeding off each other's energy' presents a novel metaphorical framing of emotional interaction.,https://reddit.com/r/askscience/comments/4bv6fa/can_generalized_anxiety_spread_throughout_a_group/,1.0,can generalized anxiety spread throughout a group of individuals?,"sure, and not just anxiety. lots of emotional processing is heavily influenced by the affect of people around you, and if they have a negative affect or are predisposed to it then it's hardly surprising. it's also worth noting that a lot of affective/emotional processing happens below the level of conscious awareness, so it's quite possible for people to be ""feeding off each other's energy"" without being aware of it. this is super-simplified, and someone may well come along and flesh it out if they want, but short answer's yes."
Why are our brains so high up in our bodies?,"This is due to the evolutionary trend in early chordates (more specifically the [craniates](https://en.wikipedia.org/wiki/Craniate)) for [cephalization.](https://en.wikipedia.org/wiki/Cephalization) Sensory organs and nerve bundles gravitated towards one end of the body to eventually form the head with the brain, eyes and nose in the same general region. This general blueprint was passed down through all craniate descendants. This is most easily illustrated when looking at different [embryos.](http://www.lizzieharper.co.uk/image/1580/Comparison_of_vertebrate_embryos.jpg) ",0.0,0.0,"The passage contains only literal and conventional descriptions, such as the evolutionary trend and the blueprint, without introducing novel or unexpected conceptual framing.",https://reddit.com/r/askscience/comments/7sfff7/why_are_our_brains_so_high_up_in_our_bodies/,0.9423076923076924,why are our brains so high up in our bodies?,"this is due to the evolutionary trend in early chordates (more specifically the [craniates](_url_0_)) for [cephalization.](_url_1_) sensory organs and nerve bundles gravitated towards one end of the body to eventually form the head with the brain, eyes and nose in the same general region. this general blueprint was passed down through all craniate descendants. this is most easily illustrated when looking at different [embryos.](_url_2_)"
why does evolution not weed out morality? what stops psychopaths from outcompeting the rest of us?,"the reason is that we have mechanisms from preventing immoral or psychopathic people from gaining by it over the long run. in traditional human societies, an uncooperative individual might benefit in the short term from, say, not sharing his food or by taking someone else's food, but would likely incur a reputational cost for doing so. tribal groups were small and everyone knew each other, so the non-cooperators could be shunned effectively by the group for their bad behavior. in larger modern societies, the mechanisms required to prevent ""cheating"" of various kinds are much more complex because so many social interactions are between anonymous parties who cannot know or affect each others' reputations. we have governments and police that will directly punish offenders (as well as keep records of the offenses). we also publicly demonstrate commitment to shared community beliefs and values, and will exclude people who do not demonstrate this commitment (see [henrich 2009](_url_1_)). a couple of the answers here are that morality evolved because it was better for the species as a whole, but this probably isn't right. evolution doesn't do long-term planning, so if an organism can do something that advantages the survival of its own genes it probably will, even if this might hurt its species as a whole. this is the subject of dawkins' book [the selfish gene](_url_0_). **tl;dr** psychopaths don't outcompete non-psychopaths because *they can't get away with it*. if psychopathy or some other anti-social trait were truly undetectable to society at large, or if we were unable to punish that behavior, it probably would grow in prevalence in the population.",1.0,0.0,The text uses literal descriptions of societal mechanisms and evolutionary concepts without novel or vivid figurative language.,,0.0,why does evolution not weed out morality? what stops psychopaths from outcompeting the rest of us?,"the reason is that we have mechanisms from preventing immoral or psychopathic people from gaining by it over the long run. in traditional human societies, an uncooperative individual might benefit in the short term from, say, not sharing his food or by taking someone else's food, but would likely incur a reputational cost for doing so. tribal groups were small and everyone knew each other, so the non-cooperators could be shunned effectively by the group for their bad behavior. in larger modern societies, the mechanisms required to prevent ""cheating"" of various kinds are much more complex because so many social interactions are between anonymous parties who cannot know or affect each others' reputations. we have governments and police that will directly punish offenders (as well as keep records of the offenses). we also publicly demonstrate commitment to shared community beliefs and values, and will exclude people who do not demonstrate this commitment (see [henrich 2009](_url_1_)). a couple of the answers here are that morality evolved because it was better for the species as a whole, but this probably isn't right. evolution doesn't do long-term planning, so if an organism can do something that advantages the survival of its own genes it probably will, even if this might hurt its species as a whole. this is the subject of dawkins' book [the selfish gene](_url_0_). **tl;dr** psychopaths don't outcompete non-psychopaths because *they can't get away with it*. if psychopathy or some other anti-social trait were truly undetectable to society at large, or if we were unable to punish that behavior, it probably would grow in prevalence in the population."
What would happen if you shot a nuclear bomb?,"So far as I understand it, nothing would happen. Nuclear bombs are not detonated by simple kinetic impact with the ground. They are detonated by complex systems designed to compress or fuse nuclear material into a supercritical mass. The conventional explosives inside a nuke are generally quite stable.",0.0,0.0,The passage provides a literal technical explanation of nuclear bombs and lacks novel metaphorical language.,https://reddit.com/r/askscience/comments/6ck3lh/what_would_happen_if_you_shot_a_nuclear_bomb/,1.0,what would happen if you shot a nuclear bomb?,"so far as i understand it, nothing would happen. nuclear bombs are not detonated by simple kinetic impact with the ground. they are detonated by complex systems designed to compress or fuse nuclear material into a supercritical mass. the conventional explosives inside a nuke are generally quite stable."
Is it possible to build a circuit or electronic device in such a way that it wouldn't matter which way you insert the batteries?,"Yes, a simple filament bulb doesn't care about polarity. [This circuit](https://www.circuit-diagram.org/circuits/260d5f2e) functions identically if you flip the cell around. 

But more complicated electronic circuits (definitely anything that starts to resemble a computer) will almost certainly contain diodes and other components which require current to flow in one specific direction. ",0.0,0.0,The description of a filament bulb not caring about polarity is a straightforward explanation without novel metaphor or imaginative framing.,https://reddit.com/r/askscience/comments/a7xi2o/is_it_possible_to_build_a_circuit_or_electronic/,0.9574468085106383,is it possible to build a circuit or electronic device in such a way that it wouldn't matter which way you insert the batteries?,"yes, a simple filament bulb doesn't care about polarity. [this circuit](_url_0_) functions identically if you flip the cell around. but more complicated electronic circuits (definitely anything that starts to resemble a computer) will almost certainly contain diodes and other components which require current to flow in one specific direction."
"What causes ""legs"" - the droplets on the side of wine or whiskey glasses - and why do they form with some alcoholic drinks but not others?","Alcoholic beverages are mostly ethanol and water, sometimes with some other things like added color and flavor. Legs, sometimes called tears, have to do with the surprisingly complicated interaction between the water and the ethanol molecules. The difference in surface tension between water and ethanol results in something called the Marangoni effect. Essentially, each water molecule is attracted more strongly to the other water molecules than to the ethanol molecules. In the bottle, water and ethanol are mixed more or less homogeneously, hence no Marangoni effect, but in a glass, which is open to the air, evaporation happens. Since ethanol evaporates faster than water, the thin layer of liquid on the sides of a swirled glass has a higher concentration of water than the body of the drink in the glass. The Marangoni effect means that water molecules from the bulk of the liquid creep up the sides of the glass, since they want to stick to the other water molecules. The water accumulates until gravity eventually causes it to drip down in little watery rivulets that we call legs.

Generally they form in drinks with higher alcohol and/or sugar content. There's a lot of conventional wisdom out there about what these legs tell you about the drink, but really they don't mean anything. You can't analyze a drink by it's legs, and the don't indicate whether a drink will be ""good"" or high quality.",0.0,0.0,"The text describes the Marangoni effect and interactions between molecules using literal scientific explanations, without novel, expressive, or unexpected figurative language.",https://reddit.com/r/askscience/comments/8v859f/what_causes_legs_the_droplets_on_the_side_of_wine/,1.0,"what causes ""legs"" - the droplets on the side of wine or whiskey glasses - and why do they form with some alcoholic drinks but not others?","alcoholic beverages are mostly ethanol and water, sometimes with some other things like added color and flavor. legs, sometimes called tears, have to do with the surprisingly complicated interaction between the water and the ethanol molecules. the difference in surface tension between water and ethanol results in something called the marangoni effect. essentially, each water molecule is attracted more strongly to the other water molecules than to the ethanol molecules. in the bottle, water and ethanol are mixed more or less homogeneously, hence no marangoni effect, but in a glass, which is open to the air, evaporation happens. since ethanol evaporates faster than water, the thin layer of liquid on the sides of a swirled glass has a higher concentration of water than the body of the drink in the glass. the marangoni effect means that water molecules from the bulk of the liquid creep up the sides of the glass, since they want to stick to the other water molecules. the water accumulates until gravity eventually causes it to drip down in little watery rivulets that we call legs. generally they form in drinks with higher alcohol and/or sugar content. there's a lot of conventional wisdom out there about what these legs tell you about the drink, but really they don't mean anything. you can't analyze a drink by it's legs, and the don't indicate whether a drink will be ""good"" or high quality."
"If a bullet is fired through a highly magnetized field, would the bullet change path or direction?","If the bullet is a metal, when travelling through a static magnetic field, a current will be generated by ~~Ampère's~~ Faraday's law (thanks /u/AnInsa). This current will in turn induce an opposing magnetic field and it will slow down the bullet. It's it the converse effect of this:
http://www.youtube.com/watch?v=30oPZO_z7-4

The reason you always see the experiment with the magnet falling through a pipe and not the one you're describing is that the latter is more difficult to implement correctly. First, creating a magnetic field is more involving than taking a small permanent magnet. Second, the conductor needs to have a certain shape that allows loop currents to flow perpendicular to the magnetic field. If the conductor is ""too straight/long"", it will not happens and you won't see anything.

If the bullet is not a conductor but an insulator, if there are magnetic molecules/atoms in the bullet, they will want to align with the magnetic field. In most materials, the magnetic moments if any are distributed randomly, and there is no net effect. There are some insulating ferromagnets, however. Such a bullet may change its orientation (but not its direction) to align with the magnetic field.

If the bullet has a net electric charge (which would be hard to implement in any regular setting), the path of flight will be changed through the Lorentz force. 
",0.0,0.0,The passage explains electromagnetic principles literally and technically without novel or imaginative language.,https://reddit.com/r/askscience/comments/24hwrf/if_a_bullet_is_fired_through_a_highly_magnetized/,0.9915254237288136,"if a bullet is fired through a highly magnetized field, would the bullet change path or direction?","if the bullet is a metal, when travelling through a static magnetic field, a current will be generated by ~~ampère's~~ faraday's law (thanks /u/aninsa). this current will in turn induce an opposing magnetic field and it will slow down the bullet. it's it the converse effect of this: _url_0_ the reason you always see the experiment with the magnet falling through a pipe and not the one you're describing is that the latter is more difficult to implement correctly. first, creating a magnetic field is more involving than taking a small permanent magnet. second, the conductor needs to have a certain shape that allows loop currents to flow perpendicular to the magnetic field. if the conductor is ""too straight/long"", it will not happens and you won't see anything. if the bullet is not a conductor but an insulator, if there are magnetic molecules/atoms in the bullet, they will want to align with the magnetic field. in most materials, the magnetic moments if any are distributed randomly, and there is no net effect. there are some insulating ferromagnets, however. such a bullet may change its orientation (but not its direction) to align with the magnetic field. if the bullet has a net electric charge (which would be hard to implement in any regular setting), the path of flight will be changed through the lorentz force."
"We encounter static electricity all the time and it's not shocking (sorry) because we know what's going on, but what on earth did people think was happening before we understood electricity?","The scientific community (including Ben Franklin) thought of electric current as some sort of invisible fluid. ""Positive"" objects possessed a surplus of this fluid and negative bodies didn't posses ""enough fluid"" to be ""balanced.""",1.0,0.1192029110704336,"The description of electric current as 'invisible fluid' is a historical and conventional metaphor, not novel or inventive.",https://reddit.com/r/askscience/comments/6gwffm/we_encounter_static_electricity_all_the_time_and/,1.0,"we encounter static electricity all the time and it's not shocking (sorry) because we know what's going on, but what on earth did people think was happening before we understood electricity?","the scientific community (including ben franklin) thought of electric current as some sort of invisible fluid. ""positive"" objects possessed a surplus of this fluid and negative bodies didn't posses ""enough fluid"" to be ""balanced."""
What happens to a photon when it travels straight toward a gravitational object? It can't accelerate right?,"You're correct that it can't accelerate. However, it blueshifts (increases in frequency), which means that it has greater energy and momentum, so in a way it still gets some of the effects of acceleration even if its spatial velocity doesn't change. The opposite occurs when light is coming out of a gravity well, it loses energy climbing the well and becomes redshifted. This is known as [gravitational redshift/blueshift](http://en.wikipedia.org/wiki/Gravitational_redshift).",0.0,0.0,"The passage uses technical terms like 'blueshift' and 'gravitational redshift' which are literal and conventional descriptions, not novel metaphors.",https://reddit.com/r/askscience/comments/1v0l8w/what_happens_to_a_photon_when_it_travels_straight/,0.9622641509433962,what happens to a photon when it travels straight toward a gravitational object? it can't accelerate right?,"you're correct that it can't accelerate. however, it blueshifts (increases in frequency), which means that it has greater energy and momentum, so in a way it still gets some of the effects of acceleration even if its spatial velocity doesn't change. the opposite occurs when light is coming out of a gravity well, it loses energy climbing the well and becomes redshifted. this is known as [gravitational redshift/blueshift](_url_0_)."
"Keep hearing that we are running out of lithium, so how close are we to combining protons and electrons to form elements from the periodic table?","I work for one the largest lithium producers and refiners. We certainly don’t think lithium is running out. We get a lot of ours by drying brine combined with earth in old volcanic zones. The left over salts have a decent concentration of lithium. This helps avoid so much mining too, but there are a couple lithium mines in America and a big one in Australia. ",0.0,0.0,The output contains purely literal statements about lithium production without any novel or figurative language.,https://reddit.com/r/askscience/comments/7h9ymc/keep_hearing_that_we_are_running_out_of_lithium/,1.0,"keep hearing that we are running out of lithium, so how close are we to combining protons and electrons to form elements from the periodic table?","i work for one the largest lithium producers and refiners. we certainly don’t think lithium is running out. we get a lot of ours by drying brine combined with earth in old volcanic zones. the left over salts have a decent concentration of lithium. this helps avoid so much mining too, but there are a couple lithium mines in america and a big one in australia."
