question,answer,humor_v4_score,connection_to_everyday_life_v3_score,humor_v4_reason,connection_to_everyday_life_v3_reason,Index,reasoning_v4,mattany_humor_v4,mattany_connection_v4,mattany_humor_v4_reason,mattany_connection_v4_reason,mattany_connection_v3,mattany_connection_v3_reason
does an atom bomb really work by splitting the atom? and if so why doesn't that explosion split other atoms around it and create a gigantic chain reaction?,"sure does. specifically uranium or plutonium atoms, though in principle others could be used. they work based on a chain reaction with the other pu atoms around: each fission emits some neutrons which can go on to split a nearby pu nucleus. only rather heavy nuclei release energy when split and only the very heaviest are at all feasible to split, which is why the chain reaction is limited to the fuel the bomb is built with. at the center of a bomb will be a neutron-emitting radioactive source. the bomb is triggered by imploding the pu around the source, and when the pu core is small enough to reach [critical mass](_url_0_) the chain reaction will run away and the bomb explodes. edit: holy proofreading batman.",1.0,0.622459338205511,"The text contains a reference to pop culture with the phrase 'holy proofreading batman,' which is a humorous nod to the catchphrases used by Robin in the Batman TV series. This aligns with Step 1, as it uses a pop culture reference to be funny.","The response includes a pop culture reference with 'holy proofreading batman,' which is a nod to the catchphrase from the Batman TV series, thus meeting the criteria for a named reference from popular culture.",2773,holy proofreading batman. batman,1.0,1.0,holy proofreading batman,batman,1.0,batman
how can nuclear reactors work without steam?,"well there are no spacecraft in space **right now** that is powered by a nuclear reactor. all the nuclear powered spacecraft operational now are powered by rtgs (radioisotope thermoelectric generator). other can explain the difference better but the basic idea is that a rtg is a purely passive device that produce heat from the natural decay of some radioactive material. in a nuclear reactor the fission is controlled and can be shut off completely. about 35 real nuclear reactors where ever launched in space between the 60 and late 80's (nearly all of them soviet, 1 american). rtgs and nuclear reactors all use thermometric converters relying on the seebeck effect. it's the same thing used in thermocouples (or peltier devices). the idea is that two different metal at different temperature put in contact will produce a little bit of electricity. it is super convenient for space applications because it has no moving parts. the issue is that it is super inefficient, you usually get less than 5% of the thermal energy converted into electricity. it is also fairly expensive which is why it's not used much on earth.",0.0,0.0,"The text provides a factual explanation about nuclear-powered spacecraft and RTGs without any elements of humor such as jokes, irony, sarcasm, or ridiculous comparisons. It focuses on technical details and efficiency, lacking any attempt at humor or comedic effect.",The response does not contain any named references from popular culture or concrete everyday activities external to the topic of nuclear-powered spacecraft. It focuses on technical explanations and historical data without making connections to popular culture or relatable human experiences.,2731,"about 35 real nuclear reactors where ever launched in space between the 60 and late 80's (nearly all of them soviet, 1 american) - relevant to question",0.0,0.0,,"about 35 real nuclear reactors where ever launched in space between the 60 and late 80's (nearly all of them soviet, 1 american) - relevant to question",0.0,"about 35 real nuclear reactors where ever launched in space between the 60 and late 80's (nearly all of them soviet, 1 american) - relevant to question"
"a friend of mine doesn't recycle because (he claims) it takes more energy to recycle and thus is more harmful to the environment than the harm in simply throwing recyclables, e.g. glass bottles, in the trash, and recycling is largely tokenism capitalized. is this true???","recycling some materials does take more effort than other materials, but overall the energy you expend recycling something requires less energy than producing it from raw materials. [here's](_url_0_) a good article from the economist that discusses the vice and virtue of recycling.",0.0,0.6224593241981982,"The text provides an informative statement about recycling and includes a reference to an article, but it does not contain any jokes, irony, sarcasm, or ridiculous comparisons as outlined in the evaluation steps.","The response includes a named reference to 'The Economist', a well-known publication, which aligns with the evaluation criteria for popular culture references.",2923,economist,0.0,1.0,,economist,1.0,economist
"if m/s is velocity, and m/s^2 is acceleration, is there a m/s^3, m/s^4, and so on? and if so what are they?","velocity is the rate of change of position (so every second the position changes by a certain number, hence m/s). acceleration is the rate of change of velocity (every second the velocity changes by a certain amount of m/s, hence m/s^(2)). so the rate of change of acceleration - called [jerk](_url_0_) - has units m/s^(3). the next three rates of change, with units m/s^(4), m/s^(5), and m/s^(6), are of course called [snap, crackle, and pop](_url_1_), respectively.",1.0,0.932453305575492,"The text contains a joke by using a reference to the popular Rice Krispies characters 'Snap, Crackle, and Pop' to humorously name the higher derivatives of acceleration, which is a clever use of pop culture for comedic effect.","The response includes a named reference from popular culture by mentioning 'snap, crackle, and pop,' which are well-known characters from a cereal brand. This aligns with the evaluation criteria for named brands or products.",2739," of course called [snap, crackle, and pop](_url_1_), respectively - ""of course"" is funny. snap, crackle, and pop - cartoon mascots",0.0,1.0," of course called [snap, crackle, and pop](_url_1_), respectively - ""of course"" is funny","snap, crackle, and pop - cartoon mascots",1.0,"snap, crackle, and pop - cartoon mascots"
what's cern doing now that they found the higgs boson?,nope. that would be a bit like if galileo discovered the moons of jupiter and then we all decided that telescopes were played out. scientists will continue to study high velocity particle collisions until the machine breaks.,1.0,0.0600866562753296,"The response contains a ridiculous comparison: comparing the dismissal of telescopes after Galileo's discovery to the continued study of particle collisions, which is an exaggerated and humorous analogy.","The response does not contain any named references from popular culture or concrete everyday activities. The analogy involving Galileo and telescopes is historical but not a named historical event or figure as required by the evaluation steps. Additionally, there are no references to relatable human experiences external to the topic of scientific study.",2939, a bit like if galileo discovered the moons of jupiter and then we all decided that telescopes were played out. . Galileo,1.0,1.0, a bit like if galileo discovered the moons of jupiter and then we all decided that telescopes were played out. ,Galileo,1.0,Galileo
most corrosive acid and base known?,"the strongest known superacid is [fluoroantimonic acid](_url_2_). it can forcibly add protons to almost any organic compound, including saturated hydrocarbons. containers for it are typically made out of polytetrafluoroethylene ([aka ptfe or teflon](_url_0_)). while it's not an acid or base, another spectacularly reactive compound is [chlorine trifluoride](_url_1_), which is a more powerful oxidizing agent than oxygen. this allows it to react with a disturbingly large number of materials normally thought of as inert (sand, glass, other oxide ceramics, water, carbon dioxide, ... it can even react with teflon). it can be contained in steel, copper, or nickel vessels due to the formation of a thin protective layer of metal fluorides, but they must be carefully cleaned to ensure no contaminants are present, as they might ignite and burn through the protective layer before it can re-form (at which point you have big problems^(tm)). as a bonus, its reaction with water produces hot hydrogen fluoride and hydrogen chloride gas.",0.8175744739711883,0.0,"The text contains a humorous element in the form of a side comment 'at which point you have big problems^(tm)', which is a dismissive and mocking remark about the serious consequences of mishandling chlorine trifluoride. This aligns with Step 2, identifying irony or sarcasm.",The response does not contain any named references from popular culture or concrete everyday activities that are external to the topic of superacids and reactive compounds. The content is focused on scientific details without cultural grounding or relatable human experiences.,2819,(at which point you have big problems^(tm)),1.0,0.0,(at which point you have big problems^(tm)),,0.0,
"do sealed, airtight goods generally appear more inflated in denver than (say) miami because of the difference in pressure, or is the effect too small to notice?","the average air pressure in denver, colorado (around 5000 ft, 1500 m above sea level) is 850 millibars vs a sea level average of about 1000 millibars. for air, the governing equation for temperature, pressure, and volume is probably familiar to you: pv=nrt. that means that the same number of molecules of air (n) under the same temperature (t) at denver's average pressure (p) will take up 1/0.85 = 1.175 times as much space (volume; v) as it would at the same temperature at sea level pressure (r is the gas constant of air and does not change). this ~17% expansion is definitely noticeable in the grocery stores, especially in the snack aisle: chips and other snacks are packed in airtight, soft packaging, which [are noticeably expanded](_url_1_) at denver's altitude. at higher altitudes [the effect is even more pronounced](_url_0_).",0.0,0.8175744739711883,"The text provides a factual explanation of air pressure differences at altitude and their effects on packaging, without any jokes, irony, sarcasm, or ridiculous comparisons. It uses vivid language to describe the expansion of packaging but does not include humor as defined in the evaluation steps.","The response includes a concrete everyday activity by referencing the noticeable expansion of snack packaging in grocery stores at Denver's altitude. This is a relatable human experience external to the scientific topic, aligning with the evaluation criteria.",2908,"grocery stores, especially in the snack aisle: chips and other snacks",0.0,1.0,,"grocery stores, especially in the snack aisle: chips and other snacks",1.0,"grocery stores, especially in the snack aisle: chips and other snacks"
how long can a person live in outer space unprotected?,"great question! i would recommend staying away from yahoo answers though, as most of the answers and even most of the questions are from trolls. here is the answer to your question, straight from nasa! source: [_url_0_](http://imagine._url_0_/docs/ask_astro/answers/970603.html)",0.5926665999540697,0.0,"The response contains sarcasm by suggesting that Yahoo Answers is filled with trolls, implying that it is not a reliable source of information. This sarcastic comment aligns with Step 2, as it makes a serious issue (unreliable information) sound unimportant in a humorous way.","The response does not contain any named references from popular culture or concrete everyday activities. It only mentions Yahoo Answers and NASA, which do not qualify as popular culture references or relatable human experiences as per the evaluation criteria.",2883, i would recommend staying away from yahoo answers though - Candid. nasa,0.0,1.0, i would recommend staying away from yahoo answers though - Candid,nasa,1.0,nasa
would it be possible to transfer the rotational momentum of the earth into usable energy?,"kinetic energy is difficult to harvest unless it's already in a really useful form. if it's in the form of hot gas, you can use it to spin a turbine. if it's in the form of flowing water, you can use it to spin a different turbine. essentially, the earth is a giant flywheel, and i can't think of a way to extract usable energy from a flywheel if you are on it. as a quick order of magnitude estimate - the earth's rotational kinetic energy is ~mr^(2)/t^(2), where m is the mass, r the radius, and t the rotational period (1 day). it's about 10^29 joules. for comparison, annual energy use is close to [10^20 j](_url_0_), so there's enough rotational energy to last us a billion years at our current usage rate if we're 100% efficient about harvesting it. although i guess it's worth pointing out that the annual energy consumption of the world is increasing, and that eating the rotational energy of the earth like this will lengthen the day by a few milliseconds each year. the only tool for harvesting the earth's rotational kinetic energy that i can think of is a space elevator. when a climber ascends a space elevator, they get spun faster and faster. effectively, the rotating earth and elevator are like a child spinning a circle with their arms outstretched. the climber on the elevator is like an ant walking on the arms out towards the hands. by going further and further from the center of rotation, the ant gets going faster and faster. the kinetic energy of the ant ultimately comes from slowing down the child a tiny tiny amount. it's the same principle as an ice skater pulling her arms in to spin faster. in some way, this saves us a lot of money, driving down the cost of space launches and making it easy to safely orbit and deorbit material.",0.3486451488696663,0.1066906031769227,"The text provides a detailed explanation of kinetic energy and its potential uses, but it lacks any jokes, irony, sarcasm, or ridiculous comparisons. The description of the Earth as a giant flywheel and the analogy of a space elevator are vivid explanations, not humor.",The response does not contain any named references from popular culture or concrete everyday activities external to the topic. The analogy of a child spinning with arms outstretched and an ant walking on the arms is abstract and not grounded in popular culture or relatable everyday experiences.,2846,Child spinning in a circle - relatable ,0.0,1.0,,Child spinning in a circle - relatable ,1.0,Child spinning in a circle - relatable 
super cold refrigeration...how do they do it?,"some of the coldest temperatures achieved have been due to evaporative cooling. what you do is prepare your system of particles in a series of magnetic traps, which keep your particles localized. then, after cooling it as much as you can by other methods, you (very carefully!) lower the strength of the magnetic trap, only allowing the higher-energy particles to escape. the net energy of the remaining particles is lower, and therefore the temperature decreases.",0.0,0.0,"The text provides a detailed explanation of evaporative cooling without any elements of humor such as jokes, irony, sarcasm, or ridiculous comparisons. It focuses on the scientific process without attempting to amuse the reader.",The response does not contain any named references from popular culture or concrete everyday activities that are external to the topic of evaporative cooling. The explanation is focused on the scientific process without any cultural or relatable everyday life connections.,2871,very carefully - candid,0.0,0.0,very carefully - candid,,0.0,
how has our knowledge of dinosaurs changed between when jurassic park was released and now?,"i guess the short and dirty version would be: 1. birds are an offshoot group of dinosaurs that survived the kt extinction event. therefore birds are dinosaurs. many features link them, one of the more more interesting finds has been feathers, specifically in the theropod group of dinosaurs. 2. dinosaurs did not make roaring noises like in jurassic park. given that they lacked the modern structure (syrinx) that allows birds to sing complex tunes, dinosaurs were probably limited to a small ranges of noises more akin to crocodiles: hisses, clicks, grunts... 3. we have discovered a lot more new dinosaurs, reclassified a bunch more and basically have a way better understanding of their evolution and phylogeny which is better explained by wikipedia. 4. one thing that jc did get somewhat correct is that some dinosaurs really did display complex behaviours, like herding, colonial nest laying, or perhaps coordinated hunting. [this final article](_url_0_) discusses cultural depictions of dinosaurs through time. what we got wrong and what we got right and what is changing right now.",0.0,1.0,"The text provides factual information about dinosaurs and birds, with no jokes, irony, sarcasm, or ridiculous comparisons present. It discusses the relationship between birds and dinosaurs, the sounds dinosaurs likely made, and cultural depictions of dinosaurs, but does so in a straightforward manner without humor.","The response includes a named reference to 'Jurassic Park', a popular movie, which aligns with the evaluation criteria for a score of 10. This reference is external to the topic of dinosaurs and provides a cultural grounding for the discussion on dinosaur sounds.",2875,this final article - unnamed reference,0.0,0.0,,this final article - unnamed reference,0.0,this final article - unnamed reference
"if i continuously shot charged particles into a black hole, what would happen over time with the buildup of charge?","assume a nonrotating black hole. now start pissing electrons into it. first, it'll gain mass as the electrons cross the event horizon, with the radius of the event horizon now steadily increasing. the electrons end up smooshed together at the singularity- the crushing forces inside the black hole are irresistible. the electrons end up in the singularity, as does their charge. not only is there a gravitational field around the black hole, but now there's an electric field. ""but wait, if nothing can escape the black hole, then how can the electric field due to the charge in the black hole be felt outside? no information is supposed to be able to get out!"" you might say. and i would say, ""good question."" from the point of view of someone outside the black hole, the mass takes an infinite amount of time to cross the event horizon, and their last seconds of life will be unfolding in slowmo for the rest of forever. you can argue that the electric field is then seen from this point, but this isn't quite accurate. i've heard there exists a fancy proof in qft that describes the exact mechanism that creates the electric field, but i'd be lying if i said i've seen it. now inside the event horizon, as the charge increases, there exists a second 'horizon.' you can think of the event horizon as the gravitational horizon, and this one as the electromagnetic horizon. it's called a cauchy horizon and - this is a huge simplification here - the space inside is 'normal space' like exists outside the black hole, instead of 'black hole space.' the 'black hole space' now exists in a shell between the event horizon, and the cauchy horizon inside it. and if you keep pumping charge into the black hole, that shell will get thinner and thinner, and eventually the horizons will meet. if this were possible, it would mean there would exist a mechanism for producing singularities that aren't hidden inside black holes. it would mean there are 'naked' singularities which could exist in the universe without the shroud of fancy horizons and 'black hole space.' if you could prove this, you would disprove the ""cosmic censorship hypothesis"" which says no such naked singularities exist. you would not pass go, nor would you collect $200, you would go directly to nobel prize.",0.9046505254608136,0.989013057015208,"The text contains a joke in the form of a pop culture reference to the Monopoly game, using the phrase 'you would not pass go, nor would you collect $200, you would go directly to nobel prize.' This is a humorous twist on the game's rules, aligning with Step 1's criteria for jokes involving references to pop culture.","The response includes a reference to the popular board game Monopoly with the phrase 'you would not pass go, nor would you collect $200,' which is a named game and aligns with the evaluation criteria for a score of 10.",2897,"pissing electrons . electrons end up smooshed together. and i would say, ""good question"". you would not pass go, nor would you collect $200, you would go directly to nobel prize. - Monopoly, Nobel",1.0,1.0,"pissing electrons . electrons end up smooshed together. and i would say, ""good question""","you would not pass go, nor would you collect $200, you would go directly to nobel prize. - Monopoly, Nobel",1.0,"you would not pass go, nor would you collect $200, you would go directly to nobel prize. - Monopoly, Nobel"
would it be possible to kill a star with the technology we currently have?,"no, the sun is just too damn big. to get a sense of the numbers involved here, let's try the crudest approach possible: blowing the sun apart, for example by hitting it with nukes. to completely rip apart the sun, we would need to overcome what is called its [gravitational binding energy](_url_0_). this energy is the sum of all the attractive forces between all the bits of matter that make up the sun. to get a rough estimate of this energy, we can use a crude approximation, namely that of a sphere with a uniform density. in that case the gravitational binding energy (e) will be equal to e = 3gm^2 / 5r, where g is the gravitational constant, m is the mass of the sphere, and r is its radius. going through the math you get a whopping 7\*10^(41)j. this is an *insane* amount of energy! to get a better feel for just how much it is, we can convert it to [tnt equivalent mass](_url_2_) (i.e. the amount of tnt needed to create an explosion that would release that much energy), which in this case comes out to 2\*10^26 megatons of tnt. now the most powerful hydrogen bomb developed during the cold war, namely the [tsar bomba](_url_1_) only had a paltry yield of 50 megatons in comparison. putting the two numbers side by side, i think it's easy to see how incredibly, incredibly hard it would be for us to ever scrounge up enough firepower to blow up the sun.",0.7310585727705126,0.3486451421018059,"The text contains a ridiculous comparison meant to amuse by comparing the energy needed to blow up the sun with the yield of the Tsar Bomba, highlighting the absurdity of the scale mismatch.","The response does not contain any named references from popular culture or concrete everyday activities external to the topic. It focuses on scientific concepts and calculations related to the sun's gravitational binding energy and comparisons with the Tsar Bomba, which are technical and not culturally grounded.",2926,scrounge up enough firepower to blow up the sun. - not funny. tsar bomba,0.0,1.0,scrounge up enough firepower to blow up the sun. - not funny,tsar bomba,1.0,tsar bomba
"when clown-fish change gender, what actually happens to them?","clownfishes are hermaphrodites, meaning that they have both female and male organs. there are two types of hermaphroditism (a) simultaneous, where both sexes are present at the same time, and (b) sequential, where the organism first develops as one sex but on a later stage it switches to the other sex. clownfishes are sequential hermaphrodites, in this case, all the individuals first develop as males and then they *can* switch to female it it's required. clownfish live in groups where only two individuals are fully sexually developed, one male and one female, they are bigger in size than the rest of the members of the group (who are all males). if the ""alpha"" female dies, the ""alpha"" male will take its place and one of the smaller members of the group will take the place as the alpha male. on a molecular level, the dna of the fish itself doesn't change but the expression of different genes changes radically. the most evident change happens with the set of genes involved in the expression of the gonadotropin-releasing hormones (gnrhs), which regulate the maturation of gonads in some fish. although what exactly triggers the change isn't well known, we do know that a whole set of different gnrhs is in charge of the expression of either male or female organs, which promptly can change the sex or a clownfish from male to female. --- sources: * de mitchenson & liu, 2008. functional hermaphroditism in teleosts. fish and fisheries 9:1-43 * kim *et al.*, 2012. expression profiles of three types of gnrh during sex-change in the protandrous cinnamon clownfish, *amphiprion melanopus*: effects of exogenous gnrhs. comp biochem physiol b biochem mol biol. 161(2):124-33 * lorenzi, earley & grobet, 2006. preventing behavioural interactions with a male facilitates sex change in female bluebanded gobies, *lythrypnus dalli*. behavioral ecology and sociobiology 59:715",0.0,0.0,"The text provides a detailed explanation of clownfish hermaphroditism without any jokes, irony, sarcasm, or ridiculous comparisons. It focuses on scientific information and does not attempt humor.","The response does not contain any named references from popular culture or concrete everyday activities external to the topic of clownfish hermaphroditism. It focuses solely on scientific explanations and terminology related to the biological process, which does not meet the criteria for a score of 10.",2768,,0.0,0.0,,,0.0,
what's the difference between sleeping for 6 hours and lying in bed with your eyes closed for 6 hours?,"no, not even close. there was actually a [pretty good summary here](_url_0_) of what happens when you sleep and why you need it. but the answer is that no, sleeping is a very distinct state in the brain and just resting with your eyes closed will not have the same effects on the brain. yes, as long as you don't sleep in, consume excess amounts of caffeine, etc you should have an increased sleep drive and have an easier time with sleep onset. you will also likely experience something called [rem rebound](_url_1_).",0.7772998508568416,0.0,"The text contains a dismissive side comment in brackets '[pretty good summary here]' which is a form of sarcasm, aligning with Step 2 of the evaluation steps.","The response does not contain any named references from popular culture or concrete everyday activities external to the topic of sleep. It focuses on scientific explanations and advice related to sleep, which are directly relevant to the question and do not provide an external cultural or everyday life connection.",2912,sleep in - directly relevant,0.0,0.0,,sleep in - directly relevant,0.0,sleep in - directly relevant
"when our sun enters the red giant phase in five billion years, terminating all life on earth, is there reason to believe that the human race will still be here?","five billions years is an amount of time incomprehensible to humanity. all of the existence of the hominids that could be called ""human"" has occurred in just *one million* years. that includes every single thing that every single human that has ever lived and died has ever done, and most of that has only been in the last few tens of thousands. everything that carl sagan mentioned in the ""pale blue dot"" quote happened in what is less than the blink of an eye compared to the timeline of the planet. all life as we know it has only come into existence in *less* than five billion years, and that includes any number of cataclysmic setbacks in evolution. if nothing else, humanity would have long, *long* since ceased to exist from sheer natural selection, even presuming that we somehow manage to survive as a species in the here and now, which in geologic time, is the next few hundred thousand years.",0.0,0.6791786926816161,"The text provides a vivid explanation of the vastness of geological time and the brief existence of humanity, but it does not contain any jokes, irony, sarcasm, or ridiculous comparisons as outlined in the evaluation steps. It is purely informative without humorous elements.","The response includes a named reference to Carl Sagan's 'Pale Blue Dot', which is a well-known cultural reference. This aligns with the evaluation criteria for a score of 10, as it is a named reference from popular culture and is external to the topic being discussed.",2815,carl sagan,0.0,1.0,,carl sagan,1.0,carl sagan
why do microwave ovens and wireless routers operate on the same frequencyrange (~2.4ghz)?,"there's only so much electromagnetic spectrum available; the fcc doesn't regulate microwave ovens (the em field they produce is just noise). the rest of the bandwidth is incredibly valuable, and all of it, essentially, has been claimed for other purposes. you can see the full chart [here](_url_0_). a tiny fraction is available for amateur uses in the 2.4 ghz range. since wireless routers are all local and won't interfere with other devices outside of a tiny range, they can fall in this band without much trouble. too bad about the microwaves.",0.7057850216484838,0.0,"The text contains a sarcastic comment about microwave ovens, implying they are just noise and not regulated by the FCC, which aligns with Step 2 for irony or sarcasm.","The response does not contain any named references from popular culture or concrete everyday activities external to the topic. It focuses on technical aspects of electromagnetic spectrum regulation and usage, which do not align with the evaluation criteria for scoring.",2885,too bad about the microwaves - sarcasm. FCC - not everyday,1.0,0.0,too bad about the microwaves - sarcasm,FCC - not everyday,0.0,FCC - not everyday
does porn consumption have negative consequences?,"there was an italian study done that showed a link between internet porn use from an early age and sexual dysfunction. there's a [psychology today article](_url_0_) about it. basically it can cause desensitization of your brain to *actual* sexual stimuli. especially if the porn consumption began before sexual interaction with others. there may also be some hard to cope with withdrawal symptoms if one tries to quit cold-turkey. now, i must go masturbate before the shakes set in.",1.0,0.0,"The text contains a sarcastic comment at the end, 'now, i must go masturbate before the shakes set in,' which uses irony by making a serious issue of withdrawal symptoms sound trivial and humorous. This aligns with Step 2, where sarcasm or irony is identified.","The response does not contain any named references from popular culture or concrete everyday activities external to the topic. It discusses a study and an article, but these are not named publications or cultural references. The mention of withdrawal symptoms and masturbation is directly related to the topic and does not provide an external connection.",2922,"now, i must go masturbate before the shakes set in.. psychology today - named publication",1.0,1.0,"now, i must go masturbate before the shakes set in.",psychology today - named publication,1.0,psychology today - named publication
"why do we like a ""type"" of girl/guy?","**culture** you might want to spend a few hours on r/anthropology. you might think we're attracted to skinny women with big breasts and sizeable asses with thin waists, and tall men with large biceps and sizeable abs with big dicks. however the range of sexual attraction is virtually infinite, and i'm just talking about within *our* culture. think about cultures which regard fat (very, *very* fat) women as the pinnacle of beauty. is that a genetic thing? of course not, that's a cultural construct, just like your thin/busty woman and strong/hung man. that being said, there's a lot of evidence to point out that men tend to be attracted to women who are somewhat similar to their family members. obviously this isn't a rule, but as a (mostly straight) man, i have found myself being very attracted to women suspiciously similar to my sister. while i have never to my knowledge been sexually attracted to my sister, that body type or facial structure or i don't know what, is somehow attractive to me. that being said, i've also been extremely attracted to women, and men, coming from entirely different continents who have absolutely nothing in common with my family's ethnic group. so i guess what i can say as an anthropology major, a reader of scientific literature and as an unusually candid contributor is that it's partially because you're trained culturally, partially because you appreciate most the things you know best, and partially because **american apparel**",0.0,0.9399133487740404,"The text does not contain any jokes, irony, sarcasm, or ridiculous comparisons. It discusses cultural constructs of beauty and personal experiences without employing humor or exaggerated comparisons.","The response includes a named brand, 'American Apparel', which is a popular culture reference. This aligns with the evaluation criteria for a score of 10.",2932,partially because **american apparel**. american apparel,1.0,1.0,partially because **american apparel**,american apparel,1.0,american apparel
are toxins released in the body during massage?,"the myth is that you have ""toxins"" in your body that are causing disease or making you unwell. it's borderline (or full-blown) medieval hocus-pocus. the idea of detoxification (by this definition) has never passed medical trials or shown any evidence of working in the ways described, nor have these ambiguous ""toxins"" ever been identified. it's total and utter garbage, like most, if not all [alternative medicine.](_url_0_ a general rule of thumb for ""alternative medicine"" is that if it actually works, it's being used by actual doctors. massage therapists are not doctors.",0.9859363728017916,0.0,"The text contains sarcasm and irony, particularly in the dismissive tone towards 'toxins' and 'alternative medicine.' The phrase 'borderline (or full-blown) medieval hocus-pocus' is a sarcastic comment, and the statement 'if it actually works, it's being used by actual doctors' is an ironic observation about alternative medicine.",The response does not contain any named references from popular culture or concrete everyday activities external to the topic of detoxification. It focuses on critiquing alternative medicine without making any cultural or relatable everyday life connections.,2796,it's borderline (or full-blown) medieval hocus-pocus,1.0,0.0,it's borderline (or full-blown) medieval hocus-pocus,,0.0,
