question,answer,humor_v5_score,connection_to_everyday_life_v4_score,humor_v5_reason,connection_to_everyday_life_v4_reason,Index
"can magnets convey rotational force, i.e. can you unscrew a screw with a magnet?","in some cases it obviously can - one bar magnet can rotate another (this is how magnetic compasses work - the ""bar magnet"" of the earth rotates the one in the compass). but the interesting part of your question is what happens with objects that are not magnets, but which are attracted to magnets? things like an iron screw (ie ferromagnets). to answer that you need to understand what is happening in more detail. at the (sub-)atomic level, the behaviour we see comes from electrons aligning their spins. the exact macroscopic behaviour (ie the difference between a permanent magnet and an ordinary piece of iron) comes down to how freely the electron spins can move. returning to rotating with an external magnet for a moment - the external magnet is exerting a force on those electrons. now, if the electron spins are pretty much fixed in the solid (as they are in a permanent magnet) then when you rotate a second magnet the force that acts on the electrons acts on the solid as a whole (because the orientation of the electron spins is ""fixed"" inside the solid) and so the object moves. but with something that is not magnetised, but only ferromagnetic, each electron (or small groups of interacting electrons) is free to move internally. so rotating an external magnet simply changes the direction in which those electrons point - because they are not ""fixed"" in the solid (the screw) they do not pull the screw around, and so no, you cannot rotate it. in summary: * magnetism in solids comes from the alignment of electron spins. * an external magnet can influence those spins. * whether that results in a physical force on the object depends on how the spins are coupled to the object as a whole. if they are joined into a single, aligned, ""domain"" that is ""fixed"" then the object feels a force; if they are free to move independently then there is not a significant force. [disclaimer: while i have a degree in physics, it was a long time ago, and solid state / qm was never my thing. so only trust the broad brush of my description above; the exact details are likely not too good and i have no clear idea why sometimes domains are fixed, while in other cases spins are free to rotate.]",0.0,0.0,"The response provides a detailed explanation of magnetism and electron spins without any intentional humor. It maintains a casual tone with a disclaimer about the author's expertise, but this does not constitute humor as defined in the evaluation steps.","The response does not include any named references from popular culture, historical figures, organizations, publications, or famous places. Additionally, it lacks any mention of concrete everyday activities. The explanation focuses solely on the physics of magnetism without external references, which does not meet the criteria for scoring.",3860
if all cancer has basically the same mechanics (cells multiplying uncontrollably) why do some treatments only work on certain types of cancer?,"no, it doesn't. the underlying mechanisms are different from one cancer to another. only the superficial effect (uncontrolled multiplication) is the same. that's the whole problem, in a nutshell.",0.0,0.867035763237924,"The response provides a straightforward explanation of cancer mechanisms without any intentional jokes, absurdist or deadpan humor, irony, or sarcasm. It maintains a casual tone but does not include elements that would make a reader laugh or smile.","The response includes a reference to 'watching dubs/blazers,' which is a popular culture reference to basketball teams, and 'ever listen to the click of your own turn signal while watching the one on the car in front of you?' which is a relatable everyday experience. Both references are external to the question topic about Mercury's transit, fulfilling the criteria for a high score.",4599
"by observing a radioactive atom, is there any way of knowing whether it will decay soon or in a million years' time?","radioactive decay is purely random. that means it is not just random in the way a coin toss is random: if we would know exactly the velocity, angular momentum, mass and some other properties of the coin in the air we could predict the outcome but since we do not know these properties with enough precision we say the outcome is random. this is called chaotic randomness. quantum effects like nuclear decay are purely random. that means there are no hidden variables and it is not only technically but in principle impossible to know the outcome (the time of the decay). if you want to know more about this, you should read about bells theorem.",0.0,0.3486451353339457,"The text provides a factual explanation of radioactive decay and chaotic randomness without any intentional jokes, absurdist or deadpan humor, irony, or sarcasm. It maintains a serious and informative tone throughout, lacking any comedic elements that would elicit laughter or a smile.","The response does not include any named references from the specified categories or concrete everyday activities. The analogy of a coin toss is a generic physics analogy and does not meet the criteria for a named reference or relatable human experience. Additionally, Bell's theorem is mentioned, but it is not a named reference from the specified categories.",5472
"if we take all of the world's co2 emissions and compressed it to a diamond, how big would it be?","the world emitted 36 gigatons of co2 in 2014. a co2 has a molecular mass of 44.01 g/mol, while carbon has a molecular mass of 12 g/mol, meaning that 27% of the weight of co2 is carbon, meaning that that co2 emission produces 9.8 gigatons of carbon. if this was compressed into diamond it would still weight 9.8 billion tons diamond has a density of 3.51 g/cm³ which means 9.8 gigatons of diamond would take up 2.8x10^15 cm^3 . how big is that? pretty damn big. it's a cube about .8 of a mile or 1.4 km on each side. it would form a crystal basically exactly the same size of mount everest. it would be really really big. edit: a lot of people are taking me to task on the mount everest claim. and i totally see their point. however, the references comes from wolfram alpha.. which is pretty reliable: _url_0_ after trying to find some sources, i see that it's kinda difficult to really say what the volume of mount everest is, as it's impossible to say where it starts. certainly, the diamond will not have the same volume as an equalateral square pyramid with a height of 8.8km. i think a lot of the ""weight of mt everest"" and ""volume of mt everest"" come from starting at base camp.",0.0,0.5621765008857981,"The text provides a detailed explanation of CO2 emissions and their hypothetical conversion into diamond, but it lacks intentional humor. The tone is casual and informative, with no clear punchlines, puns, or comedic elements. The mention of Mount Everest is used for comparison, not comedic effect, and the edit is a straightforward clarification rather than a humorous aside.","The response includes a reference to 'Mount Everest,' which is a famous landmark and thus falls under the category of 'Famous Places' from Step 1. This reference is external to the question topic about CO2 emissions and diamond compression, satisfying the criteria for a high score.",4147
"the derivative of position is velocity. the derivative of velocity is acceleration. can you keep going? if so, what do those derivatives mean?","the derivative of acceleration is called the *jerk*. the derivative of the jerk is called the *snap* or *jounce*. in an homage to rice krispies, the next two derivatives have been termed the *crackle* and the *pop*. in terms of meaning, i'm not sure what to add other than the jerk is the rate at which an object's acceleration changes (imagine getting pushed back more and more into the seat of your car, for example, or if the direction you're accelerating keeps changing), with similar statements for the other quantities listed here.",1.0,0.9706877725345128,"The response contains intentional humor by using a pop culture reference for comedic effect. The mention of 'snap', 'crackle', and 'pop' as derivatives of acceleration terms is a clear homage to Rice Krispies, which is a well-known cereal brand slogan. This use of wordplay aligns with Step 1, as it subverts expectations in a scientific context with a humorous twist.","The response includes a reference to Rice Krispies, a popular culture brand, which is external to the question topic about derivatives of position and velocity. This aligns with Step 1, category C, and passes Step 3 as the reference is not part of the original question.",4821
"why is it that certain creatures can consume rotting material (plants, animals) and thrive off it, but if i eat some meat or other substance that's a little bit spoiled i get sick?","first, keep in mind bacteria are a very diverse branch of life, containing many extremophiles. the low ph in your stomach will kill many bacteria, but plenty of them will get through. some, like [h. pylori](_url_0_), actually thrive in your stomach at a low ph. others, like e. coli, may not be able to grow at low ph values but [enough cells can survive](_url_3_) a temporary exposure to low ph conditions that they can pass through your stomach and colonize your lower gut. second, it isn't just live bacteria that are a threat in rotten food. many bacteria that decompose meat, like [c. botulinum](_url_4_), also produce toxins to prevent animals from eating the spoiled meat. that is why even cooking rotten meat won't necessarily make it safe to eat. now to your main question: when we look at scavengers like vultures they can eat rotten meat that would kill us. i don't think we completely understand how they pull this trick off, but we have some clues. scavengers and carnivores in general [have more acidic stomachs](_url_2_) than herbivores do. vultures can have a stomach ph [as low as 0](_url_5_), making their stomachs about 10x as acidic as our own. they also develop immune systems that can deal with these harmful bacteria. pack animals like lions and hyenas can share small amounts of harmful bacteria to train their immune systems for when they get larger doses from rotten meat. there was a good [minute earth video](_url_1_) on this topic a little while ago that covers some of this as well. edit: clarified that low ph kills many bacteria but plenty can still survive it",0.0,0.562176500885798,"The response provides a detailed explanation about bacteria and scavengers without any intentional humor. It maintains an informative and factual tone throughout, lacking any jokes, puns, or comedic elements as outlined in the evaluation steps.","The response includes a reference to a 'Minute Earth video,' which falls under the category of publications and media. This reference is external to the question topic about why certain creatures can consume rotting material, thus meeting the criteria for a high score.",3742
do animals have a sense of humour?,"a while ago a read about a zoo that had installed a small air jet just outside of the monkey enclosure, with the button to trigger a short burst inside the enclosure. the monkeys would wait until an unsuspecting human approached, then startle them with the air jet. the monkeys would erupt in hoots and shrieks when they saw the person get flustered. if that's not comedy, i don't know what is.",0.0,0.1480472017906333,"The text provides a factual explanation of Saturn's rotational systems and changes over time without any intentional jokes, absurdist or deadpan humor, irony, or sarcasm. It maintains an informative tone throughout, lacking elements that would make a reader laugh or smile.","The response does not include any named references from the specified categories such as popular culture, historical figures, organizations, publications, or famous places. Additionally, it does not mention any concrete everyday activities. The example of monkeys using an air jet is specific but does not align with the evaluation steps for scoring.",5056
if a bullet is shot straight into the air; how fast/dangerous will it be when it comes back down ?,"deadly. according to [major general julian hatch](_url_0_) bullets returning to the ground will have a terminal velocity between 200 & 330 feet per second (60-100 m/s). this is enough to penetrate unprotected tissue & the skull. while the ballistics of each bullet will be different, don't do it.",0.0,0.0,"The text provides factual information about the terminal velocity of bullets and their potential to cause harm. It lacks any intentional jokes, absurdist or deadpan humor, irony, sarcasm, or dark humor. The tone is serious and informative, without any comedic elements that would make a reader laugh or smile.","The response does not include any named references from popular culture, historical figures, organizations, publications, or famous places. It also lacks any mention of concrete everyday activities. The content is focused on technical explanations of particle physics, which do not align with the evaluation criteria for scoring.",5545
why is uranus tilted?,"for a couple decades, the easy answer to this was that uranus is tilted because it got hit by something. bear in mind, though, that this explanation arose at a time when giant impacts were all the fashion in planetary science for explaining the solar system's curiosities. why does earth have such a large moon? it probably got hit by something. why does venus rotate backwards? must've been hit by something. what caused the massive cliffs of miranda? hit by something. that's not to say that giant impacts didn't occur - they most certainly did! however, this does seem to be a case of ""when you pick up a hammer, suddenly everything looks like a nail."" although the impact hypothesis for uranus' tilt was popular a decade or two ago, it's definitely been falling out of fashion at the latest conferences. the big problem here is that it's exceptionally difficult in simulations to produce an impact that can radically change the planet's angular momentum without simultaneously completely destroying the planet. what seems more likely at this point is that uranus was either subject to a long-term tidal resonance with another planet, or that there was one (or a few) near-misses with another planet. [this pdf](_url_0_) presents an example of one such scenario. this ""gravitational perturbation"" hypothesis also jives a lot more closely with our latest theories of solar system formation, most notably the [nice model](_url_1_). most of the scenarios in this model indicate that originally neptune was actually closer to the sun than uranus. jupiter and saturn were slowly migrating over time until they locked into a 2:1 mean-motion resonance, resulting in pumping of a lot of orbital momentum into the rest of the solar system bodies. in the ensuing orbital chaos, it seems that uranus and neptune actually crossed orbits and switched positions...providing ample opportunity for the gravitational perturbations that could have led to uranus' tilt. **tl;dr**: it probably did *not* get hit by something. it's more likely either a short & intense or a long & weak gravitational perturbation by another planet, quite possibly neptune.",0.5926665999540697,0.2450850186463482,"The response contains intentional humor through the use of a sarcastic and mocking statement that subverts expectations. The repeated phrase 'it probably got hit by something' humorously critiques the overuse of the giant impact hypothesis in planetary science, and the analogy 'when you pick up a hammer, suddenly everything looks like a nail' adds to the comedic effect by highlighting the absurdity of applying the same explanation to various phenomena.","The response does not include any named references from the specified categories such as popular culture, historical figures, organizations, publications, or famous places. Additionally, it lacks any concrete everyday activities that are external to the topic of Uranus' tilt. The analogy 'when you pick up a hammer, suddenly everything looks like a nail' is a common saying but does not meet the criteria for a named reference or relatable activity.",4052
why does 5 hour energy contain 8000%+ vitamin b?,"since it is water-soluble, it just gets flushed out in your urine pretty quick. the whole process takes about... 5 hours! which makes me wonder what kind of trickery those ""6 hour power"" guys are up to. fat-soluble vitamins *can* accumulate. too much of them can lead to [hypervitaminosis](_url_0_)",0.8519528000888386,0.5312093733737562,"The text contains intentional humor in the form of a sarcastic remark about the '6 hour power' products, suggesting they are using some kind of trickery. This subverts expectations and is likely to make a reader smile, aligning with Step 1's criteria for intentional jokes.","The response includes a reference to '6 hour power', which is a brand, thus fulfilling the requirement for a named reference from the 'Organizations and Brands' category. This reference is external to the question topic about vitamin B content in 5 hour energy, meeting the criteria for a high score.",4368
"can you really adapt to a poison by gradually taking more (see the princess bride), also, can your body develop a use for the poison, like as an immune response?","some folks have already pointed this out, but i want to reiterate this is only true of *some* poisons. a variety of dangerous substances (notably [heavy metals](_url_0_)) do chronic, rather than acute, damage. the efficacy is entirely dependent on the poison's mechanism of action.",0.5312093733737562,0.7772998560157665,"The response contains intentional jokes and absurdist humor. It includes a pun with 'ability to suck' and a sarcastic remark 'guys suck more than girls lmao' which is acknowledged as a meme. Additionally, the phrase 'freedom units' is a humorous reference to the use of imperial measurements. These elements align with the evaluation steps for intentional jokes and absurdist humor.","The response includes a reference to '/r/geek', which is a platform on Reddit, thus falling under the category of 'Websites, platforms' from Step 1D. This reference is external to the question topic about underwater breathing, satisfying the criteria for a high score.",4534
is running out of helium a real concern?,"it's not a renewable resource since we have to pump it out of the ground. there are very few places in the world that are capable of that. like all things we're 'running out of', we're never actually going to run out. the price is going to go way up, but we're not going to run out. helium balloons at birthdays are going to be a thing of the past, most likely, but those were superfluous anyways. what we really need he for is chilling the superconducting electromagnets in nmr and mri machines and particle accelerators, and also to make clean atmospheres for growing silicon wafers and the like. the former can handle a little more expense and development of high-temp superconductors will help a whole lot. the latter may be able to absorb the expense, as well, and could use neon or argon in some applications. edit: low-temperature physics research requires he for lots of things. see scasagrande's post below. so not the end of the world, things will get more expensive, and your kids won't get to have balloons at their birthday party.",0.0,0.6513548714339144,"The text provides an informative explanation about helium usage and its future scarcity, but it lacks intentional humor. It uses a casual tone and informal language, particularly when mentioning helium balloons at birthdays, but this does not constitute a joke or comedic element. There are no punchlines, puns, absurdist elements, or ironic statements present.","The response includes a reference to 'helium balloons at birthdays,' which is a concrete everyday activity related to social events, and is external to the question topic about helium scarcity.",3719
"if the gravity of the moon is strong enough to create tidal waves, why doesn't it lift up things like tree leaves or small animals?","surprisingly no one has gotten the right answer to this yet! mass plays a role in tidal forces but what's really important is more often size, not mass. the reason you have a tide at all is the difference in the pull of the tidal body from one side to another. we get a tide on the earth because the side of the earth on the opposite side from the moon experiences less gravitational pull from the moon than the near side that is close to the moon. this makes a net force on the object which stretches it out toward and away from the object generating the tide. not everyone realizes this but there is actually a high tide on the side of the earth close to the moon as well as the side on the far side from the moon. low tides are at 90 degrees from the moon on either side. the only time tidal forces can act on small objects is when the masses involved are extremely compact. spaghettification in a black hole is actually caused by tidal forces. basically your head and feet are getting a high tide while your waist is getting a low tide!",0.5312093733737562,0.5000000000000001,"The response contains an intentional joke in the form of a humorous analogy: 'spaghettification in a black hole is actually caused by tidal forces. basically your head and feet are getting a high tide while your waist is getting a low tide!' This uses a vivid and unexpected comparison to explain a scientific concept, which is likely to make readers smile.","The response does not include any named references from popular culture, historical figures, organizations, publications, or famous places. It also lacks any concrete everyday activities that are external to the question topic. The explanation focuses on tidal forces and gravitational effects, which are directly related to the question about the moon's gravity, thus not meeting the criteria for external references.",3616
"is there any real advantage to using a base-10 number system, or is the only reason we use it because we have 10 fingers?","when choosing a number system there are two factors to consider: 1. how many different digits we have to learn 2. how long the resulting numbers would be binary is obviously low considering point 1, but numbers grow in length pretty fast. having a 100-nary system will make numbers twice as short as we have them in decimal, but you'll have to learn ten times as much digit symbols. if we look to minimise both factors (assuming they are of equal value), the theoretically optimal choice would be base **e** ( the [euler's number](_url_1_) ) now **e** is irrational, so we'd have a hard time representing natural numbers with it, but it's the theoretical limit. considering natural numbers (**e** is 2.7-ish), the most optimal in the above sense number system is base 3. if you want to minimize the amount of memory for representing integer numbers, that's the best choice. [somehow](_url_2_) it didn't catch though. here's a [source](_url_4_) on the math part on why **e** is the optimum. ---- **edit**: wow. while i go cash my karma for a puppy, please also consider donating to rickrusselltx's excellent [point](_url_0_) below about the real cost for point 1, number of possible digits. i'l try standing on his shoulders and try to address the comments below about the assumption that both factors are equally important and how much better base 12 would be. first, we (okay: i) don't know how important to human cognition they are. equality is thus the best guess until we have a method for finetuning it. the rest is some interesting math result involving a constant that creeps out in all sorts of unrelated calculations, but i can agree that apart from that it's quite arbitrary. second, considering rickrussell's point, the things to remember in a n-digit system are (n) + (n) + (n*n/2) which grows quite fast as you increase n. for n=10 these are 70 numbers that normally take human children two academic years to remember. for n=12, these would be ~~168 numbers, more than twice!~~ **erratum:** ... 96, which is only a bit more, so n=12 is actually not so bad, so my entire argument about the duodecimal is invalid. thanks to [golden_kumquat](_url_3_) for catching me fail at basic math.",0.7310585786300048,0.0474258677920895,"The text contains intentional humor, particularly in the edit section where the author humorously mentions 'while I go cash my karma for a puppy,' which is a playful and unexpected statement. Additionally, the self-deprecating acknowledgment of failing at basic math and the casual tone throughout the edit section contribute to the comedic effect, aligning with the evaluation steps for intentional jokes and absurdist humor.","The response does not include any named references from the specified categories such as popular culture, historical figures, organizations, publications, or famous places. Additionally, it lacks any concrete everyday activities that are external to the question topic. The discussion is focused on mathematical concepts and number systems, which do not align with the evaluation criteria for scoring.",4100
"can i control the direction my wifi travels in? for e.g is there an object i can surround my router to bounce the rays in a specific direction. if so , will it even have an effect on my wifi signal strength?","you can use a [waveguide](_url_2_). one of the most common and low-cost implementations is simply a pringles can. also newer wireless protocols, [802.11ac](_url_4_) in specific, use something called [beamforming](_url_5_). beamforming emphasizes the best channels between (multi input multi output) mimo transmitter and receiver. in more detail, since mimo uses multiple antenna, the physical path seen between the transmitting antenna and receiving antenna will differ for each antenna pair. since these routers are transmitting signals in the gigahertz, even a small change in position can cause a large change in what the received signal looks like. as a result, many of the channels will between the transmitter and receiver will be good, many will be bad. beamforming is method of providing more power to the antennas which provide a good channel. in any case increasing the snr will always increase the [capacity](_url_0_). although the capacity of channels with [intersymbol interference](_url_3_) is unknown, we approximate it (for stationary objects) with the [shannon-hartley theorem](_url_1_); the capacity is then b log(1+snr), where b is bandwidth. of interest, the shannon hartley theorem provides a lower bound on the capacity of any continuous additive and **memoryless** channel. since a isi channel is not memoryless, the shannon-hartley does not simply directly apply. only through use of clever coding techniques to remove the isi does the approximation make sense.",0.5312093733737562,0.2227001388253088,"The response contains an intentional joke by referencing a Pringles can as a low-cost implementation of a waveguide, which is a humorous and unexpected comparison that subverts expectations.","The response does not include any named references from popular culture, historical figures, organizations, publications, or famous places. Additionally, it lacks any mention of concrete everyday activities. The references to technical terms like 'waveguide', 'beamforming', and 'Shannon-Hartley theorem' do not align with the evaluation criteria for cultural grounding or relatable experiences.",3184
"if a typical cell in your body was the size of the earth, what relative size would its constituent atoms and molecules be? the size of a grain of sand? a basketball? a fridge? a house?","from what i could find, a melanocyte (cell that produces melanin) is about 7×10^-6 metres in size. the earth's diameter is 1.2756×10^6 m. finding the ratio: ~~1.2756×10^6~~ 1.2756×10^7 ÷ 7×10^-6 = 1.8223×10^12 so that is your scaling up factor. i have made a table of some common molecules found in the human body taken from [here](_url_0_): name | ~~normal size~~ atomic radius | diameter | scaled up size :-----|:------------------------------:|:---------:|:------------: oxygen|6×10^-11 m|1.2×10^-10 m|**218.6743 m** carbon|7×10^-11 m|1.4×10^-10 m|**255.1200 m** hydrogen|2.5×10^-11 m|5×10^-11 m|**91.1143 m** nitrogen|6.5×10^-11 m|1.3×10^-10 m|**236.8971 m** calcium|1.8×10^-10 m|3.6×10^-10 m|**656.0229 m** phosphorous|1×10^-10 m|2×10^-10 m|**364.4571 m** *so ranging from a football pitch to a couple of football pitches in diameter*. as haaaieverybody as stated, this is not entirely correct. i have compared radius values with diameter.",0.0,0.0,"The text does not contain any intentional jokes, absurdist or deadpan humor, or irony/dark humor. It is a straightforward explanation of scaling factors and molecular sizes, with a casual tone but no comedic elements that would make a reader laugh or smile.","The response does not include any named references from popular culture, historical figures, organizations, publications, or famous places. Additionally, it lacks any concrete everyday activities that are external to the question topic. The content is focused on scientific measurements and calculations, which do not align with the evaluation criteria for scoring.",3179
nitroglycerine is an explosive. nitroglycerine is also a medicine. how does the medicinal nitroglycerine not explode when swallowing or chewing?,"the nitroglycerin in pills is mixed with various binding agents, and its concentration is too low to be explosive. liquid formulations are diluted with non-explosive ingredients. conceptually, this is similar to dynamite, where diatomaceous earth absorbs nitroglycerin and lowers its sensitivity (although dynamite has a higher fraction of nitroglycerin than the medicine). edit: i guess this post blew up! as an bonus point of information, even if you extracted all the nitroglycerin from a bottle of pills, it still woudn't make a very powerful explosion. nitroglycerin tablets [usually come in 300 µg, 500 µg, or 600 µg doses](_url_0_). for comparison, a stick of dynamite is 190 grams, containing roughly 100 grams nitroglycerin with the remaining portion inert. it would therefore take 200,000 500 µg nitroglycerin tablets to make a stick of dynamite.",0.817574471748733,0.5621765008857982,"The text contains an intentional joke with the phrase 'i guess this post blew up!' which is a pun on the topic of nitroglycerin and explosions, providing a clear comedic setup and punchline.","The response includes a named reference to 'dynamite', which is a well-known invention and external to the question topic about medicinal nitroglycerine. This aligns with Step 1, category B, and passes Step 3 as it is not part of the original question.",4246
"if you were traveling at a supersonic speed towards a sound source, would the sound appear to be going in fast-forward?","yes, this is a product of the doppler shift. you know, the ""ambulance siren has a higher pitch when it's approaching you, and a lower pitch after it passes?"" same thing, only now the ambulance is stationary, and you're moving. the equation is pretty simple in theory, f_obs = f_source (v_sound ± v_obs)/(v_sound ± v_source) so assume the source is stationary, and you, the observer, are approaching (so use addition). thus, we get an equation like: f_obs = f_source (v_sound + v_obs)/(v_sound) if you are going at mach 1, then that fraction in parentheses on the end is 2, so the frequency is doubled, so the pitch is shifted up considerably. also, since periods are inverse frequencies, this means that it will take you half as long to hear the sound. for example, if the source is lynyrd skynyrd emitting a 10 minute live version of free bird, you'll hear the entire song in 5 minutes as a live version by alvin and the chipmunks. edit: and importantly, you don't need to be supersonic for this effect to occur at all! any movement will, by the the doppler effect, shift the apparent frequency and thus timing of the song!",0.9525741271590256,1.0,"The response contains intentional humor through a pop culture reference used for comedic effect. The mention of 'Lynyrd Skynyrd emitting a 10 minute live version of Free Bird' being heard as 'a live version by Alvin and the Chipmunks' is a clear joke with a comedic setup and punchline, subverting expectations by humorously altering the song's playback speed and style.","The response includes a reference to 'Lynyrd Skynyrd' and 'Alvin and the Chipmunks', which are both popular culture references. These references are external to the question topic about supersonic speed and the Doppler effect, thus meeting the criteria for a high score.",4160
why is the speed of light the speed that it is?,"you're thinking of it backwards. the speed of light is much more fundamental to the way everything works than units of distance and time. everything scales to it--not the other way around. if light were ""half as fast,"" distances between everything would be half as far. and you would have no way of knowing it because every other physical property would scale similarly. i hope i'm explaining this well enough--it's not really mystical. c is just so fundamental to the way things work that ""changing"" it is meaningless. it's like asking, ""what would change if 2 was 1?"" we would just rewrite all of our equations to use a different symbol--identity is that fundamental of a concept. 2 \* 2 = 2, 2 \* 3 = 3, 2 \* 4 = 4, etc. you're changing *symbols*, not *meaning*. to change the meaning of c, you would have to completely rewrite the rules of everything about the universe from the ground up.",0.0,0.0,"The response provides a technical explanation about the fundamental nature of the speed of light and its role in physics. It uses a hypothetical scenario to illustrate a point but does not include any intentional jokes, absurdist or deadpan humor, irony, or sarcasm. The tone is casual and informative, but not comedic.","The response does not include any named references from popular culture, historical figures, organizations, publications, or famous places. It also lacks any mention of concrete everyday activities. The explanation is focused on abstract concepts related to the speed of light, which do not align with the evaluation criteria for scoring.",5179
can the blackhole at the centre of the galaxy evaporate?,"**short answer:** yes. **longer answer:** the black hole in the center of the galaxy has a mass of about 1 million solar masses, meaning that if no more mass fell into it for the rest of forever then it would take about 10^85 years for it to evaporate by hawking radiation. ""hawking radiation"" is more of a mechanism than an actual type of particle- it just means that near the event horizon, particles like photons and neutrinos (and the occasional electron, positron, and muon) get produced, and the black hole loses an amount of mass equal to the mass of the particles. going back to that other thing though, remember the 10^85 year evaporation time? i'd like to take a moment and point out the universe has only been around for about 10^10 years. there's really no way to compare the scale of difference between these numbers. it's like the difference between a single cell (about 10^-12 kg) and the mass of the entire observable universe (about 10^53 kg). at that point, 10^85 years from now, the structure of the universe will be so overwhelmingly different that it's probably not even meaningful to speak about galaxies. the last of the galactic mergers will have happened long ago, the stars will have all burned out, and the expansion of the universe will have pushed all other galaxies beyond the edge of visibility. if anything, because black holes live so long, there's pretty good odds that most of the stars in the universe will end up finding one and getting consumed in a chance encounter. that band of time between 10^40 years and 10^100 years from now has been dubbed the [""era of black holes,""](_url_0_) as they sweep up what's left of the mass in the universe, before they eventually evaporate and the universe is left in darkness and oblivion. this is making me sad, so i'm going to go make breakfast and look at some birds.",1.0,0.7310585669110203,"The response contains absurdist humor with a jarring tonal shift at the end. After a detailed and serious explanation of cosmic events, the abrupt transition to making breakfast and looking at birds is an unexpected non-sequitur that breaks the serious tone, aligning with Step 2 criteria for absurdist or deadpan humor.","The response includes a reference to 'Hawking radiation,' which is external to the question about black holes evaporating. Additionally, it mentions a concrete everyday activity, 'going to make breakfast and look at some birds,' which is relatable and external to the topic.",4894
"if the acceleration of gravity is 9.81 m/s/s, then how come a rifle round will only drop less than two meters in the time it takes to go ~457 meters?","the 9.8 m/s^(2) acceleration affects only the vertical motion of the bullet. if the bullet is traveling fast enough, it can very well cover a large horizontal distance by the time it has fallen only a very small vertical distance. ignoring any effects of spin, earth's rotation, etc., a bullet shot horizontally takes a time t = √(2h/g) to fall a distance *h*. if *v* is its initial horizontal velocity, then the horizontal distance covered in this time is d = vt = v√(2h/g), or if d = 457 and h = 2, then v = 715 m/s. that speed is perfectly consistent with the muzzle velocity for some types of firearms (e.g., an ak-47).",0.0,0.2942149721629888,"The text provides a technical explanation of bullet motion without any intentional jokes, absurdist or deadpan humor, irony, or sarcasm. It maintains a factual and informative tone throughout, lacking any comedic elements that would elicit laughter or a smile from the reader.","The response does not include any named references from popular culture, historical figures, organizations, publications, or famous places. It also lacks any mention of concrete everyday activities. The reference to an AK-47 is related to the topic of firearms and does not qualify as an external reference.",4783
is it strictly impossible for two human beings to have the exact same genetic code or is it just astronomically improbable?,"ignoring the existence of identical twins who do have the same genetic code (minus any somatic mutations that happened during their lives) technically it's possible, but will never happen because the odds are so high. if it did happen it would be more likely in a very inbred family so there's little genetic variation to start.",0.0,0.0,"The text provides a factual explanation about genetic code and the likelihood of identical genetic matches, but it lacks any intentional jokes, absurdist or deadpan humor, irony, or sarcasm. The tone is informative rather than comedic.","The response does not include any named references from popular culture, historical figures, organizations, publications, or famous places. It also lacks any mention of concrete everyday activities. Therefore, it does not meet the criteria for scoring as outlined in the evaluation steps.",4211
are black holes really a 3 dimensional sphere or is it more of a puck/2 d circle?,"a black hole looks like a sphere, check out this simulation by a redditor in /r/physics, _url_0_ more specifically, a black hole is indeed described and defined by an event horizon at a radius which traces out a surface at all angles resulting in a sphere.",0.0,0.9149009578933862,"The text provides a factual description of a black hole's appearance and references a simulation without any intentional humor, jokes, or comedic elements. It maintains an informative tone without any elements of absurdist, deadpan, or ironic humor.","The response references Reddit, a well-known platform, which is a named reference from the category of Publications and Media. This reference is external to the question topic about black holes, satisfying the evaluation criteria.",4401
"is there such a thing as mitochondrial ""cancer?"" i.e., are there any diseases resulting from known or suspected errors in mitochondrial dna that disrupt the mechanism of mitochondrial replication?","this is an interesting question and has multiple answers. in short, yes there are mutations in mitochondrial dna that cause specific clinical conditions. the most well studied are the fission and fusion proteins that control how mitochondria divide and replicate. if there is improper fission and fusion then you can have specific diseases like [charcot-marie-tooth disease](_url_2_) which is a peripheral neuropathy or [merrf syndrome](_url_6_). since mitochondria regulate energy production in the cell, any damage to them leads to improper energy regulation that damages organs that require high amounts of energy (brain, nerves, heart etc...) a good review on [fission and fusion](_url_7_) and a good review in relation to [diseases] (_url_4_) alternatively, in cancer and other diseases, mitochondria are significantly dysregulated. in cancer it is often referred to as [the warburg hypothesis](_url_8_) update: thanks to u/bebekins for the great clarifications and differentiation between proteins produced from mitochondrial dna (mtdna) and genomic dna. an alternative answer to the op's question could be answered in regard to the [multi-hit-hypothesis](_url_11_). this hypothesis states that in order for cancer to arise you need mutations in multiple genes including [tumor suppressors](_url_9_) and [oncogenes](_url_3_). some of these tumor suppressors or oncogenes can come from mtdna. as an example, there are recent publications implicating mutations in mtdna that contribute to the progression of [endometrial carcinoma](_url_10_) and [serrated adenomas](_url_5_). two final thoughts. mitochondrial dysfunction is involved in a lot of diseases and while you wont necessarily have mitochondrial (or organelle) hyperplasia, the mitochondria can swell and [look very sick](_url_0_). if people want to know more, there are great wikipedia articles on [mitochondrial diseases] (_url_1_).",0.0,0.0159063910120541,"The response is informative and detailed about mitochondrial DNA mutations and their implications but lacks any intentional humor elements such as jokes, puns, or sarcasm. The tone is casual and educational, with no comedic intent or elements that would make a reader laugh or smile.","The response does not include any named references from the specified categories such as popular culture, historical figures, organizations, publications, or famous places. Additionally, it lacks any mention of concrete everyday activities. The references to scientific concepts and diseases are directly related to the question topic, thus not external.",4263
"when i flush an insect (ant) down the drain or sink, am i killing them? if so, what is their mode of death and by when?","they drown. i don't know exactly the answer to how much time they can spend under water in general, but from extremly scientific experiments i did when i was 8 years old, an ant can survive in water almost an hour.",0.5621765008857981,0.0534033277283186,"The response contains absurdist humor with the phrase 'extremely scientific experiments I did when I was 8 years old,' which is a self-deprecating and self-aware comment acknowledging the absurdity of the situation. This unexpected and humorous admission adds a comedic element to the otherwise serious topic.","The response does not include any named references from popular culture, historical figures, organizations, publications, or famous places. It also lacks any concrete everyday activities that are external to the question topic. The mention of 'extremely scientific experiments' is vague and not culturally grounded.",4299
why do some vaccines wear off over time?,"there's a variety of reasons why we give multiple doses of vaccines: - *vaccines and immune systems can miss each other* - sometimes your immune system isn't great at the time of vaccination so you end up not developing immunity. mmr is good example of this and why (in a population perspective) multiple doses are given to ensure you have the highest chance of developing immunity, luckily this can sometimes achieve lifelong immunity. multiple doses can also achieve an even more robust immunity. - *pathogens evolve* - this is the assumed reason pertussis for example needs an occasional booster. there are lots of theories why we don't get lifelong immunity, the one i think is the most plausible is that in times before vaccines a natural infection conferred immunity (you know, **if** you didn't die) and then the persistent presence in the population ensured you were continually exposed and got a natural booster. - *some pathogens mutate very fast* - influenza is a great example of viruses that are extremely difficult to design vaccines for. their genome is basically a bookcase and the vaccine targets say a chapter in a book. influenza can easily swap out pages, chapters, books, even whole shelves.",0.705785040214066,0.5312093733737562,"The response contains intentional humor through the use of a metaphor comparing the influenza virus genome to a bookcase, which humorously describes the virus's ability to mutate by swapping out pages, chapters, books, and even whole shelves. This creative analogy adds a comedic element to the explanation, aligning with the criteria for intentional jokes.","The response includes a named reference to 'MMR' and 'influenza', which are specific examples of vaccines and viruses, respectively. These references are external to the question topic, which is about vaccines in general, not specific types. Additionally, the analogy of influenza's genome as a 'bookcase' with 'chapters' and 'pages' is a creative and relatable way to explain the concept of viral mutation, grounding the explanation in a concrete everyday activity of reading or organizing books.",5601
why does getting kicked in the balls hurt so much?,"testicles are internal visceral organs that have migrated out of the body cavity - as such, they have visceral innervation rather than somatic. visceral innervation is known for producing intense pain when the capsules surrounding organs are stretched. classically, issues like bowel obstructions or stones (gall- or kidney-) produce similar feelings of pain. testicles hurt when hit because any other visceral organ would hurt when compressed - this is why punches to the back overlying the kidneys are so painful. the fact that you feel it in your abdomen is likely simply due to the way nerve tracts run (again, visceral sensation), and is known as [referred pain](_url_1_). [visceral pain is commonly associated with nausea](_url_2_), and thought to be related to autonomic activity. before anyone starts on 'why did we evolve this weakness' type questions (they invariably pop up on this question), look over [this page](_url_0_) first.",0.7057850216484838,0.0,"The text contains an intentional joke in the form of a hypothetical scenario where a future observer might joke to a reptilian colleague about a 'super race of apes using artificial selection purely for their own amusement.' This statement subverts expectations and uses absurdity for comedic effect, aligning with Step 1's criteria for intentional jokes.","The response does not include any named references from popular culture, historical figures, organizations, publications, or famous places. It also lacks any mention of concrete everyday activities. The explanation is focused on physiological and anatomical details, which do not align with the evaluation criteria for external references or relatable activities.",4650
can dopamine be artificially entered into someones brain to make them feel rewarded for something they dont like?,"that's actually part of dopamine's role in the brain. extrinsic motivation, delay gratification, dopamine often spikes if you *anticipate* some action will lead to some sort of reward in the future, so that you kinda ""enjoy"" doing the action and are motivated to do it, even if you don't actually enjoy the action. the catch is, you're going to *want* to do the thing (in fact, you're going to have to exert willpower *not* to do it) but you won't necessarily *like* the experience as a whole. there's a few other chemicals besides dopamine that go into actual *satisfaction*. (and you probably want to avoid giving *too much* dopamine, or it'll just result in doped-out euphoric bliss.) e.g. browsing reddit. low dopamine hits for novelty, dopamine hits for getting orange envelopes, you want to browse reddit, but only very rarely is there actual satisfaction. you pretty much never go ""oh man, that was such a great reddit session, let's do it again"" after the fact, the way you might for more natural rewards like food, sex, or social activity. you're just sort of inexorably driven to do it again by forces which aren't entirely under conscious control. whether or not you find it ""rewarding"" really depends on how you define the term. with well-timed dopamine spikes, you could probably create this ambiguous relationship with any activity! in fact, even activities you actively hate doing but can't help yourself are partly dopamine driven - the urge to get into angry debates, the desire to have one more word in an argument, to stalk your ex on facebook on more time, to repeatedly obsess about that one cringey awkward thing you did once (although true obsession probably also involves serotonin and a bunch of other stuff).",0.0,1.0,"The text provides an explanation of dopamine's role in motivation and behavior, using informal language and relatable examples like browsing Reddit. However, it lacks intentional jokes, absurdist or deadpan humor, and irony or dark humor. The tone is casual and informative, but not comedic.","The response includes a reference to 'Reddit', which is a well-known platform, thus fulfilling the criteria for a named reference from the 'Publications and Media' category. This reference is external to the question topic about dopamine, satisfying the requirement for an external reference.",4232
why can't we just take alcohol dehydrogenase in some form to quickly eliminate drunkeness?,"there's a few reasons i could think of: first, there is the problem of delivery. most of the alcohol is converted in the liver, which makes an oral delivery of an enzyme the size of adh quite a difficult task. unprotected, the enzyme would quickly be protonated in the acidic ph of the stomach, as well as degraded by proteases. further, it is too heavy for transcytosis in the digestive tract, which leaves an unsufficient concentration in the bloodstream to have any striking effect. those factors would pretty much eliminate the potential of oral delivery. now, even if we would be able to get adh in our bloodstream in an efficient way (just think about having to give yourself an adh shot while intoxicated, i see great fail potential here ...), the degradation of ethanol requires far more than just this one enzyme. first of, etoh is only one of two ligands needed for the conversion (the reaction won't start without an effective concentration of nad+). secondly, the conversion is reversible, which means you would need a constant replenishment of nad+ for the reaction to constantly degrade the alcohol. and even if you managed to have this replenishment of nad+ (which simply can't be healthy at all), you'd still need a high amount of the next enzyme in the step, aldh2, which converts the aldehyd to acetic acid, again leaving the problem of delivery in sufficient concentration/cofactors/etc. and even if you somehow tackled this problem as well, your bodies reaction to the sudden high amount of ~~acidic~~ acetic acid being converted would be pretty hardcore (you could imagine it as a hangover, that kicks in ten times faster than normally, dehydrating you almost faster than you can hydrate again). so all in all, the whole network is just too complex to be delivered in one 'pill', plus there is a reason, why the body takes so long to completely recover from intoxication.",0.5312093733737563,0.0,"The response contains absurdist humor, particularly in the phrase 'just think about having to give yourself an adh shot while intoxicated, i see great fail potential here ...', which introduces a self-aware and humorous scenario. Additionally, the description of a hangover that 'kicks in ten times faster than normally' is an exaggeration that adds a comedic element to the explanation.","The response does not include any named references from popular culture, historical figures, organizations, publications, or famous places. Additionally, it lacks any mention of concrete everyday activities. The references provided are technical and related to the question topic, such as alcohol dehydrogenase and ethanol metabolism, which do not meet the criteria for external references.",4412
does acupuncture work?,"as /u/patchgrabber said, giving medical advice is against the rules. in addition, many studies have shown acupuncture to be no better than a placebo. /u/patchgrabber mentioned errors, but i'm not aware of any. the specific study that comes to mind is one where they had an official acupuncturist and a researcher who is not *ahem* 'qualified' to give acupuncture. the subjects reported roughly the same amount of pain relief. [here's an article](_url_0_) which seems to cover acupuncture and why it isn't generally considered scientific. while we're at it: ""chiropractic is a form of alternative medicine"" straight from wikipedia. it's got sources, obviously, the chiropractic page. to quote a famous comedian: ""alternative medicine has either not been proven to work or has been proven to not work. alternative medicine that does work is called medicine."" again, not giving medical advice, placebos have their benefits though they're usually marginal especially compared to actual medicine. tl;dr: we don't have evidence showing it works, and they've had some time to amass it....",0.7981867705385763,0.9241418189341296,"The response includes a quote from a famous comedian that humorously distinguishes between alternative medicine and actual medicine, which aligns with Step 1's criteria of a joke with a clear punchline or comedic setup. This intentional joke is likely to make a reader smile or laugh, thus meeting the criteria for a score of 10.","The response references 'Mythbusters', a popular TV show, which falls under the category of popular culture. This reference is external to the question topic about the truth of the statement regarding beer and liquor consumption.",5523
