comparison_id,cluster,formality_a,formality_b,formality_diff
QID253_0,0,74.17218543046357,67.92929292929293,6.242892501170644
QID1554_1,0,63.46153846153846,67.98780487804879,-4.526266416510332
QID2182_2,0,75.8974358974359,80.6547619047619,-4.757326007326
QID32_3,0,65.65420560747663,68.52941176470588,-2.8752061572292575
QID1831_4,0,70.54794520547945,70.83333333333333,-0.2853881278538779
QID1832_5,0,72.72727272727272,64.23611111111111,8.491161616161605
QID1603_6,0,72.02380952380952,72.31404958677686,-0.2902400629673423
QID1482_7,0,68.0,62.03007518796993,5.969924812030072
QID282_8,0,81.02564102564102,76.90217391304347,4.123467112597552
QID1782_9,0,66.19318181818181,58.70786516853933,7.485316649642485
QID732_10,0,73.09941520467837,72.43589743589745,0.6635177687809204
QID1879_11,0,69.50549450549451,68.5792349726776,0.9262595328169141
QID2282_12,0,63.513513513513516,69.23076923076923,-5.717255717255711
QID1003_13,0,64.36781609195403,61.515151515151516,2.8526645768025105
QID231_14,0,68.50649350649351,68.0327868852459,0.4737066212476151
QID2056_15,0,66.42335766423358,68.58638743455498,-2.163029770321401
QID1806_16,0,58.91891891891892,68.54304635761589,-9.624127438696974
QID828_17,0,70.52023121387283,71.72897196261682,-1.2087407487439918
QID830_18,0,64.6103896103896,67.8391959798995,-3.228806369509897
QID81_19,0,68.4931506849315,63.83647798742139,4.656672697510118
QID1405_20,0,71.73913043478261,75.44642857142858,-3.7072981366459743
QID755_21,0,74.42528735632183,66.11111111111111,8.314176245210717
QID907_22,0,74.25373134328358,69.71428571428572,4.5394456289978535
QID2005_23,0,65.68627450980392,72.25806451612902,-6.571790006325102
QID2007_24,0,58.333333333333336,59.84455958549223,-1.5112262521588917
QID630_25,0,71.90721649484536,61.888111888111894,10.019104606733464
QID631_26,0,63.0,67.41935483870968,-4.41935483870968
QID681_27,0,69.83695652173913,69.6875,0.1494565217391255
QID1982_28,0,69.84536082474227,67.74193548387096,2.1034253408713113
QID1754_29,0,70.8108108108108,61.61290322580645,9.197907585004359
QID258_30,1,67.22222222222223,75.53763440860214,-8.315412186379916
QID264_31,1,66.90821256038647,71.78217821782178,-4.873965657435306
QID1833_32,1,60.270270270270274,59.74358974358974,0.5266805266805363
QID2460_33,1,70.04716981132076,75.0,-4.952830188679243
QID209_34,1,74.27884615384616,71.67487684729065,2.6039693065555127
QID1537_35,1,63.76146788990826,65.0,-1.2385321100917395
QID1864_36,1,67.07920792079207,68.47290640394088,-1.3936984831488104
QID739_37,1,68.84816753926702,62.76041666666667,6.087750872600353
QID233_38,1,73.51351351351352,68.562874251497,4.950639262016509
QID2362_39,1,55.79710144927536,63.25,-7.45289855072464
QID2338_40,1,77.22513089005236,69.15422885572139,8.07090203433097
QID1735_41,1,71.26168224299066,71.93396226415095,-0.6722800211602902
QID1958_42,1,55.851063829787236,60.526315789473685,-4.675251959686449
QID463_43,1,61.19047619047619,70.48780487804878,-9.297328687572588
QID1313_44,1,52.09790209790209,51.612903225806456,0.4849988720956375
QID2239_45,1,55.99078341013825,66.66666666666667,-10.675883256528422
QID2064_46,1,59.024390243902445,59.569377990430624,-0.5449877465281787
QID189_47,1,65.40284360189574,63.74407582938388,1.6587677725118581
QID2258_48,1,60.922330097087375,66.51162790697674,-5.589297809889366
QID2262_49,1,60.90909090909091,51.401869158878505,9.507221750212402
QID2263_50,1,67.14975845410628,71.875,-4.725241545893724
QID762_51,1,71.98067632850241,65.67164179104478,6.309034537457634
QID764_52,1,68.44660194174757,72.79792746113989,-4.351325519392319
QID310_53,1,61.6580310880829,59.345794392523366,2.312236695559534
QID909_54,1,75.6544502617801,75.62189054726369,0.0325597145164096
QID914_55,1,67.76315789473684,70.52631578947368,-2.7631578947368496
QID2483_56,1,61.267605633802816,62.93532338308458,-1.6677177492817634
QID2489_57,1,62.20238095238095,71.78217821782178,-9.579797265440831
QID860_58,1,62.25,62.5,-0.25
QID1509_59,1,61.02564102564102,62.31527093596059,-1.2896299103195688
QID816_60,2,66.77215189873418,73.71794871794872,-6.945796819214536
QID1144_61,2,58.27586206896552,69.44444444444444,-11.16858237547892
QID2193_62,2,66.66666666666666,59.24657534246575,7.420091324200904
QID42_63,2,71.1764705882353,73.85786802030456,-2.681397432069261
QID1843_64,2,78.4153005464481,76.85714285714286,1.558157689305233
QID116_65,2,69.42148760330579,67.96875,1.452737603305792
QID291_66,2,66.76646706586826,63.5,3.2664670658682553
QID745_67,2,67.22972972972974,69.42446043165468,-2.1947307019249394
QID1892_68,2,68.64406779661017,70.9090909090909,-2.2650231124807334
QID993_69,2,51.06382978723404,60.0,-8.936170212765958
QID1018_70,2,58.69565217391305,65.1685393258427,-6.472887151929655
QID240_71,2,56.58914728682171,49.32432432432432,7.264822962497384
QID1395_72,2,62.5,65.44117647058823,-2.941176470588232
QID2369_73,2,65.38461538461539,61.20689655172414,4.1777188328912445
QID1744_74,2,69.25675675675676,62.94117647058824,6.315580286168519
QID1316_75,2,66.46341463414635,61.6751269035533,4.788287730593048
QID2244_76,2,77.13178294573643,53.84615384615385,23.285629099582586
QID970_77,2,72.28260869565217,61.41732283464566,10.865285861006512
QID1642_78,2,57.638888888888886,63.580246913580254,-5.941358024691368
QID1643_79,2,63.1578947368421,69.0721649484536,-5.914270211611502
QID1644_80,2,67.97385620915034,69.17293233082707,-1.1990761216767254
QID1645_81,2,57.54716981132076,59.375,-1.8278301886792434
QID1420_82,2,66.05504587155963,72.67441860465117,-6.619372733091538
QID2270_83,2,71.83098591549296,68.64864864864865,3.182337266844314
QID2115_84,2,75.55555555555556,65.98360655737704,9.571948998178513
QID765_85,2,62.234042553191486,62.70718232044199,-0.4731397672505011
QID893_86,2,68.88111888111888,77.41935483870968,-8.5382359575908
QID2220_87,2,65.60846560846561,68.82716049382717,-3.2186948853615576
QID1518_88,2,65.41353383458646,64.94252873563218,0.47100509895427933
QID1990_89,2,71.62162162162163,65.38461538461539,6.237006237006241
QID449_90,3,69.55307262569832,59.04255319148936,10.510519434208959
QID948_91,3,67.9054054054054,72.5,-4.5945945945945965
QID48_92,3,73.46153846153847,72.44897959183673,1.012558869701735
QID1299_93,3,62.195121951219505,71.35416666666666,-9.159044715447152
QID1501_94,3,60.8974358974359,66.08040201005025,-5.182966112614352
QID224_95,3,66.4804469273743,70.98445595854922,-4.504009031174917
QID126_96,3,62.10526315789474,70.83333333333333,-8.728070175438589
QID296_97,3,71.66666666666666,65.97222222222223,5.694444444444429
QID297_98,3,68.06282722513089,65.14285714285714,2.9199700822737498
QID301_99,3,70.36082474226804,70.56962025316456,-0.20879551089652182
QID1001_100,3,60.76555023923444,56.78391959798995,3.981630641244493
QID1021_101,3,69.46308724832215,70.98445595854922,-1.5213687102270654
QID1026_102,3,60.8433734939759,64.04761904761905,-3.2042455536431476
QID1401_103,3,72.32704402515724,68.72146118721462,3.6055828379426202
QID376_104,3,64.28571428571429,67.74193548387096,-3.456221198156669
QID2346_105,3,74.71264367816093,70.0,4.71264367816093
QID1447_106,3,69.53488372093024,67.98561151079136,1.5492722101388807
QID1972_107,3,65.53398058252428,73.71794871794872,-8.183968135424436
QID476_108,3,65.68181818181819,67.3780487804878,-1.6962305986696151
QID846_109,3,61.32075471698113,60.613207547169814,0.7075471698113134
QID849_110,3,64.58333333333334,65.38461538461539,-0.801282051282044
QID199_111,3,72.46835443037975,66.13756613756614,6.330788292813608
QID2049_112,3,66.19718309859155,66.22340425531915,-0.02622115672760117
QID1024_113,3,65.92356687898089,57.23270440251573,8.690862476465163
QID2271_114,3,70.09803921568627,74.25742574257426,-4.159386526887985
QID771_115,3,66.66666666666667,69.90950226244344,-3.242835595776768
QID874_116,3,58.59375,69.63350785340315,-11.039757853403145
QID2171_117,3,68.75,72.52475247524751,-3.77475247524751
QID698_118,3,60.09852216748769,64.47368421052632,-4.375162043038628
QID1771_119,3,70.71428571428572,73.49726775956285,-2.782982045277123
QID634_120,4,65.23809523809524,60.75949367088607,4.478601567209168
QID1160_121,4,65.4320987654321,67.4129353233831,-1.980836557950994
QID406_122,4,71.55963302752293,64.17910447761194,7.380528549910991
QID956_123,4,72.04301075268818,71.46739130434783,0.5756194483403476
QID6_124,4,72.0,75.23809523809524,-3.238095238095241
QID935_125,4,69.49685534591195,69.31818181818181,0.17867352773014034
QID1209_126,4,59.859154929577464,61.267605633802816,-1.408450704225352
QID360_127,4,68.5792349726776,61.737089201877936,6.842145770799661
QID1258_128,4,69.85981308411215,70.44025157232704,-0.5804384882148952
QID606_129,4,73.64130434782608,70.625,3.016304347826079
QID608_130,4,63.31658291457286,62.94117647058824,0.3754064439846232
QID557_131,4,49.38650306748467,55.203619909502265,-5.817116842017597
QID560_132,4,68.88297872340425,70.20202020202021,-1.3190414786159579
QID1633_133,4,66.66666666666667,58.59872611464968,8.067940552016992
QID155_134,4,66.85082872928177,62.359550561797754,4.491278167484019
QID157_135,4,70.36082474226804,61.627906976744185,8.732917765523851
QID158_136,4,66.83417085427136,62.27544910179641,4.558721752474952
QID160_137,4,56.97674418604651,67.07317073170732,-10.096426545660812
QID782_138,4,63.72093023255814,63.698630136986296,0.022300095571843315
QID1382_139,4,72.82608695652173,73.45132743362831,-0.6252404771065727
QID1306_140,4,68.29896907216495,72.91666666666666,-4.617697594501706
QID56_141,4,66.3265306122449,70.64676616915423,-4.3202355569093385
QID58_142,4,66.66666666666667,61.822660098522164,4.844006568144508
QID130_143,4,68.21192052980132,74.42528735632183,-6.213366826520513
QID133_144,4,69.94047619047619,62.72189349112426,7.218582699351927
QID134_145,4,64.90384615384616,70.60606060606061,-5.702214452214449
QID31_146,4,57.971014492753625,61.515151515151516,-3.5441370223978907
QID106_147,4,62.56983240223463,66.14583333333333,-3.5760009310986973
QID109_148,4,62.19512195121951,60.0,2.1951219512195124
QID2083_149,4,65.49295774647888,70.8955223880597,-5.402564641580824
QID636_150,5,52.32558139534884,60.17857142857143,-7.852990033222589
QID637_151,5,66.66666666666666,70.68965517241378,-4.022988505747122
QID640_152,5,63.903743315508024,55.13392857142857,8.769814744079454
QID412_153,5,64.25233644859813,65.89147286821705,-1.6391364196189215
QID413_154,5,68.18181818181819,72.54901960784314,-4.367201426024948
QID963_155,5,60.328638497652584,63.16725978647686,-2.838621288824278
QID263_156,5,73.46938775510203,61.004784688995215,12.464603066106818
QID988_157,5,62.96296296296296,60.40462427745665,2.558338685506314
QID1440_158,5,64.0,68.75,-4.75
QID238_159,5,62.85046728971963,68.6695278969957,-5.8190606072760716
QID1287_160,5,65.2482269503546,52.32181425485961,12.926412695494996
QID211_161,5,70.80152671755725,70.49549549549549,0.3060312220617618
QID14_162,5,50.65359477124183,49.268292682926834,1.3853020883149938
QID836_163,5,55.44412607449857,63.824884792626726,-8.380758718128156
QID1740_164,5,60.83916083916084,64.28571428571429,-3.4465534465534517
QID938_165,5,74.3801652892562,62.82722513089006,11.552940158366141
QID1211_166,5,59.32754880694143,73.3160621761658,-13.988513369224371
QID1215_167,5,70.96774193548387,65.06493506493507,5.902806870548801
QID611_168,5,68.84057971014494,58.854166666666664,9.986413043478272
QID565_169,5,70.45454545454545,72.05882352941177,-1.6042780748663148
QID790_170,5,59.210526315789465,59.65346534653465,-0.4429390307451868
QID1390_171,5,63.72093023255814,63.402061855670105,0.3188683768880338
QID2114_172,5,67.27272727272728,56.77083333333333,10.501893939393952
QID61_173,5,66.81818181818181,65.97633136094674,0.8418504572350685
QID2189_174,5,61.78861788617886,68.61111111111111,-6.822493224932252
QID2190_175,5,63.59447004608295,62.17142857142857,1.4230414746543758
QID2164_176,5,55.79399141630901,68.89952153110048,-13.105530114791463
QID139_177,5,71.55963302752293,72.22222222222223,-0.6625891946992937
QID287_178,5,70.873786407767,62.096774193548384,8.777012214218615
QID288_179,5,66.58653846153847,71.42857142857143,-4.842032967032964
QID419_180,6,69.23076923076923,63.53790613718411,5.692863093585117
QID968_181,6,71.7741935483871,69.47368421052632,2.300509337860788
QID1442_182,6,67.30038022813687,71.06918238993711,-3.768802161800238
QID243_183,6,72.34513274336283,71.09704641350211,1.2480863298607119
QID218_184,6,63.40579710144928,65.95744680851064,-2.551649707061358
QID17_185,6,79.34272300469483,75.43859649122807,3.904126513466764
QID842_186,6,71.2890625,58.10810810810811,13.180954391891888
QID843_187,6,57.10659898477157,58.305647840531556,-1.1990488557599832
QID944_188,6,70.4225352112676,59.876543209876544,10.545992001391056
QID945_189,6,68.75,56.849315068493155,11.900684931506845
QID946_190,6,64.7410358565737,64.33566433566433,0.40537152090936956
QID367_191,6,68.57798165137615,66.66666666666667,1.9113149847094775
QID370_192,6,67.90123456790123,64.8989898989899,3.002244668911331
QID1271_193,6,55.03144654088051,58.771929824561404,-3.740483283680895
QID618_194,6,69.23076923076923,75.71884984025559,-6.48808060948636
QID619_195,6,72.45222929936305,70.80536912751678,1.6468601718462708
QID570_196,6,71.82835820895522,76.63551401869158,-4.807155809736358
QID1643_197,6,61.69590643274854,65.73770491803279,-4.041798485284254
QID818_198,6,72.36180904522612,68.75,3.6118090452261242
QID1320_199,6,72.45989304812834,69.04761904761905,3.412274000509285
QID2117_200,6,67.21311475409836,59.285714285714285,7.9274004683840715
QID67_201,6,61.42857142857143,66.0,-4.571428571428569
QID2195_202,6,70.58823529411765,70.47619047619048,0.11204481792717047
QID2170_203,6,69.42148760330578,59.19117647058823,10.230311132717546
QID143_204,6,70.04830917874396,76.08695652173913,-6.038647342995162
QID44_205,6,73.30677290836654,66.58031088082902,6.726462027537522
QID2093_206,6,72.05128205128204,73.17880794701986,-1.1275258957378185
QID2095_207,6,65.35836177474403,74.54128440366972,-9.182922628925695
QID1117_208,6,58.53658536585366,63.681592039801,-5.145006673947336
QID1118_209,6,61.666666666666664,71.2406015037594,-9.573934837092729
QID1174_210,7,67.61768901569187,64.04109589041096,3.5765931252809082
QID424_211,7,75.83892617449665,63.407821229050285,12.431104945446364
QID428_212,7,66.57458563535911,57.08661417322835,9.487971462130766
QID1298_213,7,64.28571428571429,66.43835616438356,-2.1526418786692716
QID499_214,7,64.70588235294117,67.4721189591078,-2.766236606166629
QID324_215,7,62.42038216560509,62.93706293706293,-0.5166807714578425
QID327_216,7,61.44578313253012,65.6441717791411,-4.1983886466109865
QID350_217,7,52.08333333333333,58.536585365853654,-6.453252032520325
QID1573_218,7,69.87577639751552,61.61670235546039,8.259074042055133
QID1574_219,7,59.848484848484844,67.75147928994082,-7.902994441455974
QID1577_220,7,62.56983240223464,66.66666666666667,-4.096834264432033
QID848_221,7,72.33333333333333,62.77777777777778,9.55555555555555
QID1749_222,7,67.5,69.06474820143885,-1.5647482014388459
QID1226_223,7,70.05813953488372,65.21739130434783,4.840748230535894
QID1227_224,7,72.05882352941177,75.40106951871658,-3.342245989304814
QID623_225,7,73.48993288590604,64.96598639455783,8.523946491348212
QID450_226,7,65.69767441860465,57.482993197278915,8.214681221325733
QID799_227,7,66.34615384615384,67.63005780346822,-1.2839039573143793
QID800_228,7,74.83443708609272,73.63636363636364,1.1980734497290797
QID801_229,7,56.64556962025316,64.40217391304348,-7.756604292790321
QID803_230,7,69.41747572815534,75.69060773480663,-6.273132006651295
QID1399_231,7,67.66304347826087,65.76200417536535,1.9010393028955264
QID824_232,7,66.96428571428572,62.345679012345684,4.618606701940038
QID2124_233,7,73.83419689119171,61.80555555555556,12.028641335636152
QID2127_234,7,59.89010989010989,68.35748792270532,-8.467378032595427
QID2128_235,7,69.88636363636364,67.75568181818181,2.1306818181818272
QID78_236,7,75.0,58.63309352517986,16.36690647482014
QID2176_237,7,52.906976744186046,62.8125,-9.905523255813954
QID1128_238,7,51.64835164835165,61.734693877551024,-10.086342229199374
QID130_239,0,68.04511278195488,68.02325581395348,0.021856968001401356
QID728_240,0,72.03947368421052,73.33333333333334,-1.2938596491228225
QID1406_241,0,78.61111111111111,71.73913043478261,6.871980676328505
QID806_242,0,58.629441624365484,66.50485436893203,-7.875412744566546
QID103_243,0,68.38709677419355,71.03658536585367,-2.6494885916601163
QID1628_244,0,67.93103448275862,73.8970588235294,-5.966024340770787
QID2006_245,0,64.64646464646465,67.71428571428572,-3.067821067821072
QID157_246,0,63.81909547738694,72.59887005649718,-8.779774579110239
QID829_247,0,68.5344827586207,69.75308641975309,-1.2186036611323914
QID1853_248,0,64.57142857142857,63.607594936708864,0.9638336347197054
QID1305_249,0,71.91358024691358,66.86046511627907,5.0531151306345095
QID2204_250,0,71.28205128205128,67.28395061728395,3.9981006647673354
QID1507_251,0,66.25766871165644,52.22929936305732,14.028369348599114
QID353_252,0,64.10891089108911,62.828947368421055,1.279963522668055
QID305_253,0,64.50617283950618,70.22471910112358,-5.718546261617405
QID2332_254,0,62.43386243386244,52.5,9.933862433862437
QID2355_255,0,70.64220183486239,66.54411764705881,4.098084187803579
QID2353_256,0,65.0,66.0,-1.0
QID1556_257,0,67.96875,69.5054945054945,-1.5367445054944966
QID1182_258,0,69.64285714285714,68.32298136645963,1.3198757763975095
QID1531_259,0,68.36734693877551,75.39682539682539,-7.02947845804988
QID1303_260,0,69.6774193548387,67.33668341708542,2.34073593775328
QID2380_261,0,71.42857142857143,67.15116279069768,4.277408637873748
QID906_262,0,62.16216216216216,59.316770186335404,2.8453919758267574
QID104_263,0,67.26804123711341,70.06172839506172,-2.7936871579483125
QID1981_264,0,69.42675159235668,68.4931506849315,0.9336009074251734
QID1878_265,0,62.290502793296085,65.05376344086022,-2.763260647564138
QID978_266,0,70.51282051282051,75.14285714285714,-4.630036630036628
QID1204_267,0,70.34482758620689,72.88732394366197,-2.5424963574550787
QID682_268,0,61.734693877551024,63.988095238095234,-2.25340136054421
QID1004_269,0,60.16949152542374,67.12328767123287,-6.953796145809136
QID955_270,0,60.41666666666667,65.27093596059113,-4.85426929392446
QID2257_271,0,68.52941176470588,72.89156626506025,-4.3621545003543645
QID456_272,0,77.22772277227722,72.54901960784314,4.678703164434083
QID1030_273,0,58.51648351648352,70.34482758620689,-11.828344069723371
QID454_274,0,62.5,61.875,0.625
QID2456_275,0,71.55688622754491,69.48051948051948,2.076366747025432
QID931_276,0,71.06918238993711,70.40358744394618,0.6655949459909323
QID1332_277,0,63.10344827586207,67.97385620915031,-4.8704079332882415
QID1431_278,0,73.93939393939394,72.22222222222223,1.7171717171717091
QID854_279,0,65.51724137931035,57.40740740740741,8.109833971902937
QID2306_280,0,73.07692307692308,63.8888888888889,9.18803418803418
QID979_281,0,58.19209039548023,57.291666666666664,0.9004237288135641
QID1957_282,0,66.49484536082474,64.55026455026454,1.944580810560197
QID2379_283,0,66.21621621621622,63.91752577319588,2.298690443020348
QID678_284,0,71.61290322580645,62.171052631578945,9.441850594227503
QID778_285,0,74.56140350877193,64.4578313253012,10.103572183470732
QID629_286,0,59.177215189873415,62.35955056179776,-3.1823353719243457
QID1278_287,0,74.11167512690356,70.96774193548387,3.1439331914196913
QID256_288,0,77.48815165876778,73.92638036809817,3.5617712906696113
QID205_289,0,71.81372549019608,66.50717703349282,5.306548456703254
QID2429_290,0,67.07920792079207,68.59756097560975,-1.5183530548176805
QID804_291,0,66.31016042780749,67.95774647887325,-1.6475860510657583
QID204_292,0,63.17829457364341,73.8235294117647,-10.645234838121283
QID206_293,0,75.2840909090909,75.13089005235602,0.15320085673488393
QID879_294,0,62.41830065359477,62.5,-0.08169934640523024
QID855_295,0,67.66666666666667,73.73737373737373,-6.0707070707070585
QID455_296,0,68.87755102040816,70.3225806451613,-1.4450296247531327
QID1179_297,0,74.7093023255814,71.03825136612022,3.6710509594611835
QID1480_298,0,70.41420118343194,69.07514450867052,1.339056674761423
QID1755_299,0,75.12562814070351,69.19431279620854,5.931315344494976
QID1403_300,0,68.18181818181819,63.63636363636364,4.545454545454547
QID1281_301,0,64.28571428571429,58.68055555555556,5.605158730158735
QID2279_302,0,68.02325581395348,65.44502617801047,2.5782296359430177
QID754_303,0,65.9090909090909,67.59776536312849,-1.6886744540375815
QID1956_304,0,66.02870813397129,72.51655629139073,-6.487848157419435
QID1307_305,0,71.47239263803681,70.83333333333334,0.6390593047034656
QID257_306,0,70.83333333333334,59.23076923076923,11.60256410256411
QID137_307,1,60.144927536231876,66.90647482014388,-6.761547283912009
QID2458_308,1,71.6931216931217,71.3157894736842,0.3773322194374913
QID1563_309,1,68.75,70.28571428571429,-1.5357142857142918
QID85_310,1,66.02870813397129,61.76470588235294,4.264002251618351
QID983_311,1,57.25,59.95260663507109,-2.702606635071092
QID1984_312,1,64.09574468085107,71.56862745098039,-7.472882770129317
QID2013_313,1,67.989417989418,62.6865671641791,5.302850825238899
QID2462_314,1,56.21761658031088,62.97297297297297,-6.755356392662087
QID1283_315,1,65.94594594594595,66.12903225806451,-0.18308631211856152
QID38_316,1,55.90909090909091,55.75221238938053,0.15687851971037503
QID835_317,1,65.47619047619048,69.5,-4.023809523809518
QID484_318,1,69.38202247191012,67.6056338028169,1.7763886690932225
QID1387_319,1,69.36274509803923,67.71844660194174,1.6442984960974911
QID435_320,1,64.65968586387434,59.34579439252336,5.313891471350985
QID1837_321,1,65.87301587301587,74.21875,-8.345734126984127
QID2059_322,1,69.54314720812182,72.30046948356808,-2.7573222754462563
QID887_323,1,67.75,71.4622641509434,-3.7122641509433976
QID2388_324,1,65.19607843137254,70.87378640776699,-5.677707976394444
QID187_325,1,65.81920903954803,64.86486486486487,0.9543441746831576
QID1759_326,1,56.95876288659794,61.05990783410138,-4.1011449475034425
QID2112_327,1,68.02884615384616,64.66346153846153,3.3653846153846274
QID964_328,1,74.08376963350784,76.4018691588785,-2.3180995253706556
QID1938_329,1,73.18840579710145,66.58986175115209,6.598544045949367
QID2210_330,1,59.375,74.15458937198068,-14.779589371980677
QID985_331,1,67.6328502415459,71.42857142857143,-3.795721187025535
QID837_332,1,62.5,67.0,-4.5
QID488_333,1,72.42152466367713,66.5625,5.859024663677133
QID1412_334,1,82.08955223880596,69.35483870967742,12.734713529128541
QID464_335,1,64.02439024390245,63.72549019607843,0.2989000478240129
QID1510_336,1,65.51724137931033,63.421052631578945,2.0961887477313894
QID1034_337,1,73.63636363636364,75.73529411764707,-2.098930481283432
QID1408_338,1,53.90625,56.15384615384615,-2.2475961538461533
QID1138_339,1,59.35960591133005,55.6547619047619,3.704844006568152
QID1884_340,1,61.29943502824858,56.14525139664804,5.154183631600539
QID789_341,1,71.3953488372093,70.8133971291866,0.5819517080227001
QID733_342,1,63.86138613861387,67.75,-3.8886138613861334
QID858_343,1,62.15277777777778,63.6094674556213,-1.4566896778435208
QID834_344,1,61.442786069651746,64.321608040201,-2.8788219705492537
QID1009_345,1,65.43778801843318,68.81443298969072,-3.3766449712575337
QID2014_346,1,67.76649746192894,63.46153846153846,4.304959000390475
QID284_347,1,73.0,68.61702127659575,4.38297872340425
QID2010_348,1,65.52511415525115,64.28571428571429,1.2393998695368538
QID1287_349,1,64.56953642384106,62.028301886792455,2.5412345370486022
QID2183_350,1,63.855421686746986,59.31372549019608,4.541696196550909
QID1013_351,1,72.09302325581396,69.84536082474227,2.2476624310716886
QID2184_352,1,76.11940298507463,66.34146341463415,9.77793957044048
QID1183_353,1,66.13924050632912,64.84375,1.2954905063291164
QID1888_354,1,70.04950495049505,71.31147540983606,-1.2619704593410148
QID1533_355,1,79.21686746987952,71.27659574468085,7.94027172519867
QID234_356,1,69.672131147541,67.53554502369668,2.1365861238443102
QID758_357,1,61.75,56.11702127659574,5.632978723404257
QID1760_358,1,62.37373737373737,61.576354679802954,0.7973826939344164
QID163_359,1,54.06091370558376,58.55614973262033,-4.495236027036569
QID1889_360,1,68.15789473684211,52.94117647058823,15.216718266253878
QID159_361,1,68.52791878172589,66.51162790697674,2.0162908747491457
QID2333_362,1,64.42307692307692,69.41747572815534,-4.9943988050784185
QID259_363,1,63.0,61.74698795180723,1.2530120481927725
QID935_364,1,68.47826086956522,65.8974358974359,2.580824972129321
QID1039_365,1,65.23809523809524,48.27586206896552,16.962233169129718
QID1684_366,1,61.77884615384615,61.320754716981135,0.4580914368650184
QID1934_367,1,66.24365482233503,61.61137440758294,4.632280414752088
QID1808_368,1,72.0,72.53521126760563,-0.5352112676056322
QID938_369,1,66.18357487922705,65.7051282051282,0.4784466740988478
QID1614_370,1,65.86538461538461,61.75,4.115384615384613
QID2034_371,1,60.78431372549019,66.66666666666666,-5.882352941176464
QID1333_372,1,63.38028169014085,66.5,-3.1197183098591523
QID1812_373,1,72.79411764705883,69.77401129943503,3.020106347623795
QID1784_374,1,68.04878048780488,63.98104265402844,4.067737833776434
QID2438_375,1,67.52577319587628,67.17948717948718,0.34628601638910084
QID645_376,2,65.2439024390244,70.47872340425532,-5.234820965230924
QID870_377,2,60.150375939849624,59.75609756097561,0.39427837887401296
QID370_378,2,72.88135593220339,73.92344497607655,-1.0420890438731618
QID119_379,2,69.01041666666667,40.476190476190474,28.534226190476197
QID1944_380,2,73.6842105263158,80.92105263157895,-7.23684210526315
QID142_381,2,69.10828025477707,69.04761904761905,0.06066120715802015
QID90_382,2,66.13924050632912,66.66666666666666,-0.5274261603375408
QID945_383,2,62.890625,73.23232323232324,-10.341698232323239
QID492_384,2,69.48051948051949,72.3021582733813,-2.8216387928618047
QID2016_385,2,71.73913043478261,76.74418604651163,-5.00505561172902
QID1445_386,2,77.57009345794393,74.73404255319149,2.8360509047524403
QID2440_387,2,68.01470588235294,65.78947368421052,2.2252321981424217
QID1817_388,2,57.52688172043011,53.08641975308642,4.440461967343694
QID817_389,2,63.9751552795031,68.78980891719745,-4.814653637694349
QID969_390,2,67.14285714285714,67.10526315789474,0.03759398496239896
QID95_391,2,56.89655172413793,58.91472868217055,-2.018176958032619
QID819_392,2,50.58479532163743,63.23529411764706,-12.650498796009629
QID1568_393,2,52.53623188405797,54.651162790697676,-2.1149309066397066
QID1444_394,2,77.1604938271605,72.42268041237114,4.737813414789358
QID466_395,2,62.264150943396224,61.76470588235294,0.4994450610432821
QID2492_396,2,65.78947368421052,55.42857142857143,10.36090225563909
QID940_397,2,65.625,58.130081300813,7.4949186991869965
QID1967_398,2,59.81012658227848,57.78688524590164,2.0232413363768416
QID2118_399,2,75.95419847328245,79.71014492753623,-3.755946454253788
QID2441_400,2,73.88888888888889,67.00680272108843,6.882086167800452
QID1045_401,2,72.34042553191489,76.38888888888889,-4.048463356973997
QID1890_402,2,68.29268292682927,71.46596858638745,-3.173285659558175
QID1792_403,2,66.85393258426966,58.098591549295776,8.755341034973881
QID369_404,2,60.526315789473685,67.55725190839694,-7.03093611892325
QID891_405,2,55.199999999999996,60.78431372549019,-5.5843137254901976
QID1318_406,2,70.8955223880597,62.878787878787875,8.016734509271828
QID1870_407,2,64.16184971098265,71.57360406091371,-7.4117543499310585
QID2215_408,2,67.13483146067415,69.47368421052632,-2.3388527498521654
QID1418_409,2,75.12820512820512,68.29896907216495,6.829236056040173
QID243_410,2,63.73626373626374,70.67901234567901,-6.9427486094152755
QID2066_411,2,69.9438202247191,66.0377358490566,3.906084375662502
QID241_412,2,81.14754098360656,71.21212121212122,9.935419771485343
QID2345_413,2,72.15189873417722,80.06993006993008,-7.918031335752858
QID1691_414,2,59.09090909090909,56.074766355140184,3.0161427357689092
QID2190_415,2,72.72727272727273,79.05982905982907,-6.3325563325563365
QID1618_416,2,61.0062893081761,55.94594594594595,5.0603433622301495
QID892_417,2,71.10552763819095,57.14285714285714,13.96267049533381
QID1315_418,2,51.5625,65.55555555555556,-13.993055555555557
QID1619_419,2,59.241706161137444,66.16161616161617,-6.919910000478723
QID2265_420,2,77.3529411764706,62.25490196078432,15.09803921568627
QID194_421,2,72.52747252747253,66.58653846153847,5.940934065934059
QID769_422,2,70.42682926829269,69.92753623188406,0.49929303640863054
QID1215_423,2,77.02020202020202,69.56521739130434,7.454984628897677
QID1417_424,2,78.16901408450704,68.64864864864865,9.520365435858395
QID866_425,2,66.39999999999999,63.57142857142858,2.828571428571415
QID1317_426,2,60.738255033557046,72.64150943396226,-11.90325440040521
QID1294_427,2,65.47619047619048,77.27272727272727,-11.796536796536785
QID1690_428,2,66.94915254237289,66.044776119403,0.9043764229698894
QID91_429,2,64.94845360824742,62.5,2.4484536082474193
QID2470_430,2,72.87581699346406,69.84126984126985,3.0345471521942073
QID844_431,2,63.54166666666667,69.21052631578948,-5.668859649122808
QID2267_432,2,69.6969696969697,59.42028985507246,10.276679841897241
QID1016_433,2,66.1764705882353,70.34883720930233,-4.172366621067027
QID1519_434,2,57.801418439716315,53.65853658536586,4.142881854350456
QID265_435,2,64.32038834951456,74.46808510638297,-10.147696756868413
QID140_436,2,66.20879120879121,68.21428571428571,-2.0054945054944966
QID1019_437,2,70.04950495049505,70.1058201058201,-0.056315155325052046
QID1490_438,2,76.19047619047619,68.46846846846847,7.722007722007717
QID2490_439,2,69.79166666666667,71.85792349726776,-2.066256830601091
QID992_440,2,69.93243243243244,66.75257731958763,3.1798551128448054
QID1491_441,2,60.294117647058826,70.76923076923077,-10.475113122171948
QID2119_442,2,68.10344827586206,71.51515151515152,-3.4117032392894515
QID43_443,2,63.265306122448976,58.69565217391305,4.5696539485359295
QID746_444,3,68.18181818181819,72.13541666666666,-3.95359848484847
QID1797_445,3,74.65753424657534,73.83419689119171,0.8233373553836287
QID699_446,3,67.6923076923077,67.3202614379085,0.37204625439919425
QID1497_447,3,56.38297872340426,64.28571428571428,-7.902735562310021
QID798_448,3,62.33766233766234,59.94475138121547,2.392910956446869
QID1899_449,3,67.3202614379085,62.14953271028037,5.170728727628131
QID1948_450,3,69.58041958041957,71.98581560283688,-2.4053960224173068
QID2173_451,3,58.57142857142857,68.91025641025641,-10.33882783882784
QID2321_452,3,58.53658536585366,59.31372549019608,-0.7771401243424165
QID1323_453,3,72.78106508875739,69.04761904761905,3.733446041138336
QID951_454,3,63.387978142076506,65.53030303030303,-2.1423248882265256
QID946_455,3,64.07766990291262,64.20765027322405,-0.12998037031142928
QID821_456,3,62.903225806451616,68.71657754010695,-5.813351733655338
QID1649_457,3,72.72727272727272,73.22404371584699,-0.49677098857426927
QID776_458,3,68.99038461538461,67.9245283018868,1.065856313497818
QID973_459,3,62.738853503184714,62.92682926829268,-0.18797576510796432
QID1223_460,3,65.68047337278107,63.04347826086956,2.636995111911503
QID1774_461,3,65.36312849162012,64.94845360824742,0.4146748833726974
QID1022_462,3,60.16949152542373,64.11042944785277,-3.940937922429036
QID1196_463,3,69.40298507462687,67.93478260869566,1.4682024659312134
QID372_464,3,60.16949152542373,65.09433962264151,-4.924848097217783
QID1551_465,3,73.07692307692308,77.41935483870968,-4.3424317617865995
QID921_466,3,58.94039735099338,62.43386243386243,-3.4934650828690508
QID1449_467,3,63.592233009708735,57.69230769230769,5.899925317401042
QID1151_468,3,59.64467005076142,66.96969696969697,-7.325026918935549
QID1201_469,3,70.61855670103094,64.42786069651741,6.190696004513526
QID151_470,3,65.69767441860465,63.91509433962264,1.7825800789820079
QID1976_471,3,70.45454545454545,63.67924528301887,6.775300171526581
QID1226_472,3,64.82758620689656,65.83333333333333,-1.0057471264367734
QID1798_473,3,57.74193548387097,58.83977900552486,-1.0978435216538927
QID1971_474,3,71.6931216931217,69.72477064220183,1.968351050919864
QID299_475,3,55.90551181102362,65.75,-9.844488188976378
QID2076_476,3,68.26923076923077,60.982658959537574,7.2865718096932
QID149_477,3,58.333333333333336,63.03317535545024,-4.699842022116904
QID248_478,3,69.3452380952381,61.210762331838566,8.134475763399536
QID1776_479,3,64.08450704225352,60.431654676258994,3.6528523659945265
QID2374_480,3,67.05069124423963,66.78082191780823,0.2698693264314045
QID171_481,3,59.80861244019138,67.4074074074074,-7.598794967216023
QID1996_482,3,67.3913043478261,65.81395348837209,1.5773508594540004
QID1847_483,3,62.21374045801527,59.174311926605505,3.0394285314097687
QID2401_484,3,53.67647058823529,58.22784810126582,-4.5513775130305305
QID122_485,3,62.50000000000001,57.00483091787439,5.495169082125614
QID1696_486,3,63.65853658536585,69.94818652849742,-6.289649943131565
QID2246_487,3,67.15686274509804,68.88888888888889,-1.732026143790847
QID1823_488,3,73.11827956989248,76.6891891891892,-3.570909619296714
QID1549_489,3,66.95906432748538,57.46268656716418,9.496377760321202
QID847_490,3,67.1875,65.64245810055866,1.545041899441344
QID851_491,3,65.38461538461539,69.04761904761905,-3.663003663003664
QID1198_492,3,60.37234042553192,58.881578947368425,1.490761478163492
QID96_493,3,71.42857142857142,72.86821705426357,-1.439645625692151
QID1898_494,3,74.75247524752476,74.21875,0.5337252475247567
QID1824_495,3,71.14093959731544,72.15189873417722,-1.0109591368617856
QID148_496,3,71.59763313609469,75.79185520361992,-4.1942220675252315
QID1901_497,3,74.25,71.67487684729065,2.5751231527093523
QID298_498,3,71.3375796178344,72.2488038277512,-0.91122420991681
QID1746_499,3,65.05681818181817,64.48598130841121,0.5708368734069609
QID2001_500,3,60.0609756097561,63.02325581395348,-2.962280204197384
QID324_501,3,57.183908045977006,52.31958762886598,4.864320417111024
QID1023_502,3,64.28571428571429,65.8974358974359,-1.611721611721606
QID1876_503,3,67.22488038277513,71.08843537414965,-3.863554991374528
QID1346_504,3,70.22727272727272,66.87116564417178,3.3561070831009374
QID1772_505,3,68.71794871794872,62.82722513089005,5.890723587058666
QID1422_506,3,57.75,63.513513513513516,-5.763513513513516
QID2222_507,3,67.92929292929293,70.3804347826087,-2.451141853315775
QID1576_508,3,58.17307692307692,58.28402366863905,-0.11094674556213135
QID559_509,4,59.0625,53.864734299516904,5.197765700483096
QID231_510,4,76.85950413223141,57.2972972972973,19.56220683493411
QID1155_511,4,69.0909090909091,67.90540540540542,1.1855036855036758
QID2183_512,4,62.25806451612903,50.48780487804878,11.770259638080255
QID960_513,4,70.66326530612244,68.68421052631578,1.9790547798066598
QID8_514,4,60.270270270270274,65.24663677130044,-4.976366501030171
QID430_515,4,71.2962962962963,71.38728323699422,-0.09098694069791691
QID607_516,4,57.692307692307686,63.27160493827161,-5.579297245963922
QID555_517,4,70.79207920792079,67.21854304635761,3.573536161563183
QID605_518,4,72.32558139534885,69.23076923076923,3.094812164579622
QID809_519,4,58.95061728395062,61.61137440758294,-2.6607571236323224
QID1733_520,4,70.95238095238096,74.21383647798743,-3.261455525606465
QID1159_521,4,69.10377358490567,59.868421052631575,9.235352532274092
QID1381_522,4,61.70212765957447,66.13636363636363,-4.434235976789154
QID981_523,4,67.93478260869566,70.73863636363636,-2.803853754940704
QID485_524,4,63.989637305699475,64.86486486486487,-0.8752275591653955
QID59_525,4,55.102040816326536,62.97169811320755,-7.869657296881016
QID409_526,4,71.11650485436893,69.48051948051949,1.6359853738494365
QID1256_527,4,65.7258064516129,61.95652173913044,3.7692847124824596
QID610_528,4,67.27272727272727,68.29268292682926,-1.0199556541019916
QID2157_529,4,68.51851851851852,69.48717948717949,-0.96866096866097
QID933_530,4,60.15228426395939,76.49006622516556,-16.337781961206176
QID1735_531,4,64.5933014354067,70.15306122448979,-5.559759789083088
QID310_532,4,69.0625,60.96774193548387,8.094758064516128
QID1558_533,4,62.62135922330097,72.28260869565217,-9.661249472351201
QID807_534,4,68.81443298969072,72.4025974025974,-3.5881644129066785
QID982_535,4,74.10714285714286,66.97247706422019,7.134665792922675
QID1156_536,4,57.589285714285715,74.84662576687117,-17.257340052585455
QID1107_537,4,67.57990867579909,70.15706806282722,-2.577159387028132
QID205_538,4,79.57317073170732,71.88940092165899,7.683769810048332
QID980_539,4,58.41346153846153,58.333333333333336,0.0801282051281973
QID2110_540,4,58.7378640776699,70.0507614213198,-11.312897343649908
QID356_541,4,54.12844036697247,66.83168316831683,-12.70324280134436
QID1559_542,4,67.06161137440759,69.28934010152284,-2.227728727115249
QID1730_543,4,58.29145728643216,68.65671641791045,-10.365259131478282
QID2156_544,4,68.4659090909091,69.7841726618705,-1.3182635709614061
QID1282_545,4,69.73684210526315,61.19791666666667,8.538925438596479
QID983_546,4,69.21182266009852,69.77401129943502,-0.5621886393364974
QID407_547,4,66.14906832298136,65.14423076923077,1.0048375537505905
QID934_548,4,67.76315789473685,65.2046783625731,2.5584795321637444
QID135_549,4,69.47674418604652,60.046728971962615,9.430015214083902
QID2105_550,4,64.20765027322405,65.64245810055866,-1.434807827334609
QID1206_551,4,62.72727272727272,63.084112149532714,-0.3568394222599949
QID1108_552,4,71.17647058823529,68.89952153110048,2.2769490571348143
QID834_553,4,68.48484848484848,65.09433962264151,3.3905088622069712
QID131_554,4,68.28193832599119,66.88741721854305,1.394521107448142
QID105_555,4,69.88636363636364,72.14285714285715,-2.2564935064935128
QID235_556,4,66.58291457286433,56.981981981981974,9.600932590882351
QID785_557,4,58.86363636363637,53.90625000000001,4.95738636363636
QID1307_558,4,66.97247706422019,64.67391304347827,2.298564020741921
QID2109_559,4,73.4375,74.76851851851852,-1.331018518518519
QID7_560,4,65.56603773584905,55.03875968992248,10.527278045926572
QID1631_561,4,65.88785046728972,63.02325581395349,2.8645946533362334
QID332_562,4,61.351351351351354,74.45054945054946,-13.099198099198105
QID1556_563,4,63.01775147928994,63.31521739130435,-0.29746591201440964
QID558_564,4,69.40789473684211,60.66350710900474,8.74438762783737
QID1283_565,4,65.05681818181819,74.34210526315789,-9.285287081339703
QID408_566,4,68.39080459770115,67.73049645390071,0.6603081438004352
QID1555_567,4,75.46296296296296,71.70731707317073,3.755645889792234
QID482_568,4,62.628865979381445,50.279329608938546,12.349536370442898
QID1281_569,4,61.111111111111114,75.65789473684211,-14.546783625730995
QID930_570,4,57.69230769230769,65.74585635359117,-8.053548661283472
QID1260_571,4,73.35025380710661,66.06217616580311,7.288077641303502
QID432_572,4,65.55023923444976,68.70967741935483,-3.1594381849050706
QID835_573,4,69.23076923076923,71.66666666666667,-2.435897435897445
QID60_574,4,69.66824644549763,74.38271604938272,-4.714469603885092
QID2081_575,4,68.23899371069183,66.36363636363636,1.8753573470554699
QID833_576,4,65.89861751152074,68.10344827586206,-2.204830764341324
QID1110_577,4,70.05813953488372,62.73148148148148,7.326658053402241
QID964_578,5,66.78200692041523,69.10377358490565,-2.3217666644904256
QID638_579,5,64.85849056603774,56.64335664335664,8.215133922681105
QID12_580,5,62.22222222222222,64.95098039215686,-2.7287581699346433
QID411_581,5,69.34306569343066,71.70731707317073,-2.364251379740068
QID265_582,5,61.27167630057804,60.13824884792626,1.1334274526517731
QID313_583,5,65.34883720930233,67.56756756756758,-2.2187303582652476
QID939_584,5,73.18181818181819,71.46596858638743,1.715849595430754
QID65_585,5,69.03225806451613,63.22115384615385,5.811104218362281
QID1737_586,5,50.57471264367816,67.56756756756758,-16.992854923889418
QID989_587,5,46.118721461187214,63.397129186602875,-17.27840772541566
QID2115_588,5,60.22727272727273,58.86363636363637,1.3636363636363598
QID1164_589,5,61.6,57.077625570776256,4.5223744292237456
QID215_590,5,64.5320197044335,64.18109187749667,0.3509278269368252
QID339_591,5,69.16299559471366,66.96035242290749,2.202643171806173
QID814_592,5,58.9041095890411,63.46153846153845,-4.557428872497354
QID1387_593,5,63.63636363636363,60.652173913043484,2.9841897233201493
QID362_594,5,57.798165137614674,61.627906976744185,-3.829741839129511
QID1162_595,5,71.16279069767441,66.0633484162896,5.09944228138481
QID40_596,5,62.1559633027523,65.42056074766356,-3.26459744491126
QID2090_597,5,70.9375,68.29896907216495,2.638530927835049
QID163_598,5,70.46783625730994,70.18779342723005,0.2800428300798927
QID286_599,5,62.723214285714285,56.32411067193676,6.399103613777527
QID337_600,5,65.36697247706422,59.583333333333336,5.783639143730888
QID1564_601,5,69.99999999999999,66.90821256038647,3.091787439613512
QID2187_602,5,73.6318407960199,68.40277777777777,5.22906301824213
QID965_603,5,66.19318181818181,69.45945945945945,-3.2662776412776395
QID786_604,5,66.66666666666666,72.72727272727272,-6.060606060606062
QID2163_605,5,63.888888888888886,63.824884792626726,0.06400409626215975
QID813_606,5,71.93877551020408,64.87268518518519,7.066090325018891
QID811_607,5,64.06423034330011,58.82352941176471,5.2407009315354
QID39_608,5,64.58333333333333,59.2896174863388,5.29371584699453
QID1386_609,5,63.970588235294116,64.41176470588235,-0.44117647058823195
QID64_610,5,69.0,67.76315789473685,1.2368421052631504
QID240_611,5,67.46411483253588,61.149825783972126,6.314289048563758
QID340_612,5,57.79816513761468,73.50061199510404,-15.702446857489356
QID290_613,5,63.190184049079754,71.97213290460878,-8.78194885552903
QID1115_614,5,55.33707865168539,69.53125,-14.194171348314612
QID1638_615,5,56.796116504854375,61.2565445026178,-4.460427997763425
QID264_616,5,68.07511737089202,67.02586206896552,1.0492553019264932
QID164_617,5,63.76146788990825,66.42512077294685,-2.6636528830386013
QID312_618,5,55.965909090909086,55.8252427184466,0.14066637246248348
QID439_619,5,70.50691244239631,71.90635451505017,-1.399442072653855
QID1439_620,5,65.60846560846561,65.48913043478261,0.11933517368299817
QID936_621,5,62.57668711656442,60.34090909090909,2.2357780256553283
QID487_622,5,69.57671957671958,63.39285714285714,6.183862433862444
QID612_623,5,74.47916666666667,73.15436241610738,1.3248042505592963
QID1112_624,5,56.38297872340425,64.58333333333333,-8.200354609929079
QID314_625,5,62.55924170616113,62.30769230769231,0.25154939846882485
QID839_626,5,64.39024390243902,54.966887417218544,9.42335648522048
QID115_627,5,52.5,57.64192139737992,-5.141921397379917
QID38_628,5,55.02793296089385,64.94252873563218,-9.91459577473833
QID987_629,5,69.1588785046729,65.2284263959391,3.930452108733803
QID338_630,5,66.26506024096386,58.530805687203795,7.734254553760067
QID111_631,5,76.94300518134715,72.29299363057325,4.650011550773897
QID789_632,5,59.77653631284916,65.16587677725119,-5.389340464402025
QID2089_633,5,74.39024390243902,80.69306930693068,-6.3028254044916565
QID311_634,5,60.76555023923445,66.52892561983471,-5.763375380600259
QID262_635,5,85.55811277330264,68.05555555555556,17.502557217747082
QID1437_636,5,64.93212669683258,62.16216216216216,2.7699645346704216
QID1738_637,5,65.02890173410404,61.29032258064516,3.738579153458879
QID137_638,5,61.282051282051285,56.934306569343065,4.34774471270822
QID486_639,5,70.31963470319634,71.99781659388645,-1.6781818906901123
QID214_640,5,65.43778801843318,69.65065502183405,-4.2128670034008735
QID489_641,5,68.86363636363637,71.4622641509434,-2.5986277873070236
QID614_642,5,60.273972602739725,65.94594594594595,-5.671973343206226
QID37_643,5,68.75,65.71428571428572,3.0357142857142776
QID62_644,5,68.09523809523809,65.0,3.095238095238088
QID261_645,5,75.35211267605634,72.7810650887574,2.571047587298935
QID794_646,6,69.375,72.85714285714286,-3.482142857142861
QID993_647,6,66.91176470588235,67.7536231884058,-0.841858482523449
QID617_648,6,58.37837837837838,66.21621621621622,-7.837837837837846
QID18_649,6,73.7864077669903,67.42424242424244,6.362165342747858
QID1392_650,6,74.39613526570048,76.04166666666667,-1.6455314009661919
QID567_651,6,71.82410423452768,71.19815668202764,0.6259475525000369
QID1317_652,6,66.86746987951807,63.586956521739125,3.2805133577789434
QID992_653,6,69.23076923076923,66.38225255972696,2.848516671042262
QID317_654,6,68.58638743455498,65.55891238670695,3.0274750478480286
QID319_655,6,73.37164750957854,71.66666666666666,1.7049808429118798
QID2171_656,6,74.48453608247422,72.08480565371025,2.3997304287639736
QID1321_657,6,67.73049645390071,69.25207756232686,-1.5215811084261475
QID967_658,6,69.26229508196721,64.08450704225352,5.17778803971369
QID444_659,6,69.85294117647058,72.66666666666666,-2.8137254901960773
QID145_660,6,71.7948717948718,64.06727828746178,7.72759350741002
QID221_661,6,72.89156626506025,76.92307692307693,-4.0315106580166855
QID2096_662,6,59.45273631840796,61.324786324786324,-1.872050006378366
QID1167_663,6,71.57360406091371,75.9322033898305,-4.358599328916796
QID2194_664,6,63.56275303643725,64.97326203208556,-1.410508995648307
QID1644_665,6,67.82178217821783,65.1923076923077,2.629474485910137
QID1294_666,6,65.54054054054055,67.79026217228464,-2.2497216317440945
QID70_667,6,68.18181818181819,65.8203125,2.361505681818187
QID845_668,6,69.87951807228916,68.6,1.2795180722891644
QID46_669,6,73.03571428571429,66.751269035533,6.284445250181292
QID1269_670,6,65.3125,64.04255319148936,1.269946808510639
QID417_671,6,83.71559633027522,76.71641791044776,6.999178419827459
QID219_672,6,72.81553398058253,65.70605187319885,7.109482107383684
QID2192_673,6,67.2514619883041,71.29032258064517,-4.0388605923410665
QID1395_674,6,68.4115523465704,69.73094170403587,-1.319389357465468
QID1270_675,6,70.90592334494774,76.79558011049724,-5.889656765549503
QID492_676,6,66.98113207547169,67.4342105263158,-0.45307845084410303
QID568_677,6,71.28027681660899,71.10552763819095,0.17474917841803972
QID1220_678,6,66.98473282442748,79.36507936507935,-12.380346540651871
QID817_679,6,69.24398625429554,68.97435897435898,0.26962727993655733
QID446_680,6,61.111111111111114,57.49063670411985,3.6204744069912635
QID45_681,6,68.18181818181819,77.53164556962025,-9.349827387802065
QID1393_682,6,69.21296296296296,65.0297619047619,4.183201058201064
QID1121_683,6,64.69072164948454,70.11278195488723,-5.422060305402681
QID117_684,6,56.478405315614616,54.651162790697676,1.8272425249169402
QID2119_685,6,66.21621621621622,70.5,-4.283783783783775
QID820_686,6,67.24683544303798,68.84615384615384,-1.5993184031158592
QID1168_687,6,72.74368231046931,77.27272727272728,-4.52904496225797
QID318_688,6,60.215053763440864,67.16738197424893,-6.952328210808062
QID69_689,6,64.56692913385827,64.25339366515837,0.31353546869989657
QID342_690,6,57.94573643410853,49.35064935064935,8.595087083459184
QID569_691,6,65.52631578947368,67.78523489932886,-2.258919109855171
QID1443_692,6,59.659090909090914,67.3913043478261,-7.7322134387351795
QID420_693,6,75.625,74.35897435897436,1.2660256410256352
QID245_694,6,62.49999999999999,60.714285714285715,1.7857142857142776
QID418_695,6,68.5546875,61.599999999999994,6.954687500000006
QID146_696,6,64.18439716312056,63.10160427807487,1.0827928850456914
QID168_697,6,68.20388349514563,70.34161490683229,-2.1377314116866586
QID821_698,6,68.8118811881188,60.739436619718305,8.072444568400499
QID621_699,6,69.56521739130434,62.30769230769231,7.2575250836120375
QID1318_700,6,70.61068702290076,75.0,-4.389312977099237
QID445_701,6,66.66666666666666,59.76331360946746,6.9033530571991975
QID1319_702,6,70.37617554858934,66.25,4.1261755485893445
QID121_703,6,71.26436781609196,70.04830917874396,1.2160586373479987
QID442_704,6,68.09701492537313,68.2741116751269,-0.17709674975377254
QID118_705,6,62.77372262773723,76.02040816326532,-13.246685535528087
QID270_706,6,55.26315789473684,67.5,-12.236842105263158
QID1221_707,6,72.9064039408867,65.35087719298245,7.555526747904253
QID1120_708,6,63.671875,61.510791366906474,2.1610836330935257
QID793_709,6,69.69696969696969,70.67510548523207,-0.978135788262378
QID1394_710,6,65.91760299625469,67.00507614213197,-1.0874731458772828
QID1646_711,6,57.04545454545455,47.55244755244755,9.493006993006993
QID170_712,6,67.81376518218624,65.81632653061224,1.9974386515740008
QID292_713,6,72.28682170542636,77.74193548387098,-5.455113778444613
QID626_714,7,60.78431372549019,58.04597701149426,2.7383367139959347
QID124_715,7,69.62025316455697,50.282485875706215,19.337767288850756
QID948_716,7,65.234375,78.78787878787878,-13.553503787878782
QID951_717,7,57.96178343949044,70.83333333333334,-12.871549893842904
QID173_718,7,68.12865497076024,75.71428571428572,-7.585630743525485
QID176_719,7,66.86046511627907,54.32098765432099,12.539477461958086
QID2175_720,7,65.76433121019109,62.430939226519335,3.3333919836717527
QID1323_721,7,65.50802139037434,65.75342465753425,-0.24540326715991512
QID975_722,7,62.019230769230774,64.6067415730337,-2.587510803802928
QID1299_723,7,62.2093023255814,58.376963350785346,3.832338974796052
QID1453_724,7,67.34693877551021,65.44117647058823,1.9057623049219785
QID299_725,7,56.56565656565657,73.1638418079096,-16.598185242253038
QID452_726,7,75.3731343283582,75.90361445783134,-0.5304801294731334
QID1175_727,7,65.75757575757576,65.63380281690141,0.12377294067435685
QID798_728,7,60.948905109489054,55.204460966542754,5.7444441429463
QID426_729,7,74.15191740412979,76.98412698412699,-2.8322095799971976
QID1576_730,7,63.24503311258278,60.888888888888886,2.356144223693896
QID1000_731,7,42.04545454545455,60.12658227848101,-18.081127733026463
QID802_732,7,63.48547717842323,69.35483870967742,-5.869361531254192
QID1300_733,7,65.45454545454545,67.58620689655173,-2.1316614420062763
QID275_734,7,72.52747252747253,61.53846153846153,10.989010989010993
QID24_735,7,62.40601503759399,78.39506172839506,-15.989046690801075
QID625_736,7,51.42857142857142,70.24539877300613,-18.816827344434707
QID2126_737,7,70.85889570552146,63.506493506493506,7.352402199027956
QID1275_738,7,62.755102040816325,70.22900763358778,-7.473905592771459
QID351_739,7,72.09302325581396,50.0,22.09302325581396
QID650_740,7,63.38028169014085,60.994764397905755,2.385517292235093
QID125_741,7,74.4186046511628,66.12903225806451,8.289572393098283
QID950_742,7,67.10526315789474,67.89940828402366,-0.7941451261289245
QID177_743,7,51.08695652173913,67.58241758241758,-16.495461060678444
QID1276_744,7,69.44444444444444,73.33333333333333,-3.8888888888888857
QID2174_745,7,60.26785714285714,68.42105263157895,-8.153195488721806
QID501_746,7,63.39285714285714,69.12751677852349,-5.734659635666347
QID223_747,7,67.67955801104972,60.0,7.679558011049721
QID273_748,7,72.59615384615384,73.71794871794872,-1.1217948717948758
QID2099_749,7,67.6829268292683,70.58823529411765,-2.9053084648493552
QID1223_750,7,58.532423208191126,68.61313868613138,-10.080715477940252
QID1400_751,7,65.40880503144655,60.58238636363636,4.826418667810188
QID1173_752,7,55.0,71.51898734177216,-16.51898734177216
QID453_753,7,68.08510638297872,61.80555555555556,6.279550827423165
QID576_754,7,63.78378378378378,71.37681159420289,-7.593027810419109
QID1126_755,7,73.91304347826087,73.79310344827587,0.11994002998500264
QID1302_756,7,63.20960698689956,73.05194805194806,-9.842341065048501
QID76_757,7,62.56544502617801,76.78571428571428,-14.220269259536266
QID502_758,7,59.23566878980892,61.53846153846154,-2.302792748652621
QID374_759,7,67.06349206349206,69.9367088607595,-2.873216797267432
QID28_760,7,66.66666666666667,65.527950310559,1.1387163561076648
QID301_761,7,73.22404371584699,58.88324873096447,14.340794984882521
QID976_762,7,63.225058004640374,68.23899371069183,-5.0139357060514556
QID373_763,7,74.77064220183486,68.69158878504672,6.079053416788142
QID423_764,7,75.59241706161137,68.39622641509433,7.196190646517039
QID378_765,7,64.90683229813665,69.23076923076923,-4.323936932632577
QID1748_766,7,65.38461538461539,60.273972602739725,5.1106427818756615
QID303_767,7,75.46296296296296,50.96153846153846,24.501424501424502
QID278_768,7,65.04950495049505,67.9245283018868,-2.8750233513917465
QID175_769,7,63.38742393509128,64.83870967741936,-1.451285742328082
QID1327_770,7,65.9090909090909,77.97927461139896,-12.070183702308057
QID75_771,7,59.58904109589041,64.453125,-4.864083904109592
QID1176_772,7,65.89861751152074,65.88785046728972,0.010767044231016598
QID973_773,7,75.9493670886076,65.94202898550725,10.007338103100352
QID1751_774,7,66.88102893890675,69.78609625668449,-2.9050673177777355
QID300_775,7,66.01307189542484,65.47619047619047,0.5368814192343763
QID348_776,7,68.42105263157896,74.33155080213903,-5.910498170560075
QID352_777,7,68.89400921658986,66.48351648351648,2.410492733073383
QID977_778,7,73.25581395348837,70.41884816753927,2.836965785949104
QID251_779,7,67.61363636363636,58.44155844155844,9.172077922077918
QID253_780,7,70.76023391812865,61.25,9.510233918128648
QID73_781,7,71.46892655367232,68.88888888888889,2.5800376647834327
QID23_782,7,56.48148148148148,61.5,-5.018518518518519
QID648_783,7,69.2528735632184,65.33333333333333,3.9195402298850723
QID781_784,0,69.25465838509317,69.83695652173913,-0.5822981366459601
QID1279_785,0,60.18957345971564,60.148514851485146,0.04105860823049312
QID143_786,2,64.32291666666667,67.94871794871796,-3.6258012820512846
QID1867_787,2,76.34408602150538,73.3160621761658,3.0280238453395754
QID2446_788,3,71.67487684729063,68.05555555555556,3.6193212917350763
QID898_789,3,61.46788990825688,59.114583333333336,2.3533065749235433
QID2123_790,3,68.63905325443787,65.55023923444976,3.0888140199881065
QID271_791,3,59.15841584158416,61.61137440758294,-2.4529585659987845
QID473_792,3,70.33492822966507,71.51515151515152,-1.1802232854864485
QID1385_793,4,59.13705583756345,63.513513513513516,-4.376457675950064
QID1565_794,5,65.13513513513513,61.98830409356725,3.1468310415678786
QID1163_795,5,69.44444444444444,73.49397590361446,-4.049531459170012
QID2125_796,7,70.48192771084338,50.966850828729285,19.515076882114094
QID2234_797,1,60.714285714285715,64.54545454545455,-3.8311688311688314
QID2092_798,6,67.54716981132076,70.14563106796116,-2.5984612566404053
QID144_799,6,69.16932907348243,64.02714932126696,5.142179752215469
