,0
0,"1. What are some of the properties of Mueller-Hinton agar that make it an ideal medium for antibiotic susceptibility testing?
    2. How does the addition of nicotinamide adenine dinucleotide to Mueller-Hinton agar affect its use in susceptibility testing of ""Streptococcus"" species?
    3. What is the purpose of using a nonselective, nondifferential medium like Mueller-Hinton agar for antibiotic susceptibility testing?
    4. How does the use of starch in Mueller-Hinton agar enhance the accuracy of antibiotic susceptibility testing?
    5. What is the significance of the fact that Mueller-Hinton agar is a loose agar?
    6. How does the use of Mueller-Hinton agar in antibiotic susceptibility testing compare to other types of media used for the same purpose?
    7. What are some of the potential drawbacks or limitations of using Mueller-Hinton agar for antibiotic susceptibility testing?
    8. How has the use"
1,"1. What is the main idea of the book ""Melanism: Evolution in Action""?
    2. What is the significance of the term ""survival of the fittest""?
    3. How does the author of the book ""Melanism: Evolution in Action"" criticize Jerry Coyne's review of the book?
    4. What is the difference between the organism and the gene perspective in evolutionary biology?
    5. What is the evidence for speciation in the fish group?
    6. How do changes in the environment affect the evolution of organisms?
    7. What is the relationship between evolution and the origin of species?
    8. What is the role of genetic variation in the evolution of organisms?
    9. How does the theory of evolution explain the presence of vestigial structures in organisms?
    10. What is the significance of the fossil record in understanding the process of evolution?"
2,"1. What is PIPES?
    2. What is GLIMMER?
    3. What is the difference between a yes/no answer and a short answer?
    4. What is the purpose of build-imm?
    5. What is the difference between Millipore and Millipore Corporation?
    6. What is homology modeling?
    7. What is histology?
    8. What is the fauna of Romania?
    9. What are the commercial viable species of fish in Romania?
    10. What are the amphibian species found in Romania?
    11. What are the species of snakes found in Romania?"
3,"1. What is HubMed, and how does it differ from PubMed?
    2. What is MarLIN, and how does it relate to marine biodiversity?
    3. What is MethBase, and how does it provide information on DNA methylation?
    4. What is the Darlington Lecture, and who has delivered it in the past?
    5. What is the relationship between Tony Bradshaw and the Eden Project?
    6. What is the function of microRNA precursor family mir-616, and how does it relate to tissue fixation?
    7. What is the purpose of remote control animal research, and how does it relate to brain implantation?
    8. What is the significance of the movie adaptation of Supertoys Last All Summer Long, and who portrays the characters of Henry Swinton and Teddy?
    9. What is the purpose of the command module in dog training, and how does it relate to the success rate of the control system?
    10. How does the development of remote control technology relate to the field of neuroscience?"
4,"1. What is the main topic of the passage?
      a. The history of yeast
      b. The biology of yeast
      c. The role of yeast in baking
      d. The mating behavior of yeast
    2. According to the passage, what is the difference between a and α yeast?
      a. One is haploid and the other is diploid
      b. One produces a-factor and the other produces α-factor
      c. One has a different set of genes that are actively transcribed and repressed
      d. One has a different type of mating system
    3. What is the function of the ""HO"" gene in yeast?
      a. It regulates the expression of genes involved in meiosis
      b. It controls the mating behavior of yeast
      c. It is involved in the repair of DNA damage
      d. It is a silent gene that does not affect the function of yeast
    4. According to the passage, what is the mechanism by which yeast cells switch mating type?
      a. Through the expression of specific genes
      b"
5,"1. What are the characteristics of polyphosphate-accumulating organisms (PAOs)?
        - Accumulate polyphosphate in their cells as polyphosphate.
        - Can consume simple carbon compounds (energy source) without the presence of an external electron acceptor (such as nitrate or oxygen) by generating energy from internally stored polyphosphate and glycogen.
        - Related to the ""Betaproteobacteria"" and ""Actinobacteria"".
        - Limited to certain amino acids as carbon and energy source.
2. What is the mechanism of hysteresis in ecosystem management?
        - Requires evidence of hysteresis.
        - Contributed by the tripeptide, His62-Tyr63-Gly64, that acts as a green chromophore that can be converted to red.
3. What is the function of the photoactivatable fluorescent protein Kaede?
        - Emits red fluorescence after exposure to UV light.
        - Can display a 2,000-fold increase in red-to-"
6,"1. What is Kaede protein and what are its applications?
    2. What are the advantages of using Kaede protein for cell tracking and cell visualization?
    3. What are the limitations of using Kaede protein for cell tracking and cell visualization?
    4. How does Kaede protein contribute to the color variation in stony corals?
    5. What is the role of homology modeling in understanding the kinetics and dynamics of a protein?
    6. What is the function of reflectin protein in yeast mating?
    7. How does the expression of endogenous retrovirus influence the development of the mammalian placenta?
    8. What is the role of syncytins in the formation and function of syncytiotrophoblasts in the mammalian placenta?
    9. How has the selection and fixation of retroviral proteins contributed to the evolution of viviparity in mammals?
    10. What are the potential applications of Kaede protein in biotechnology and biomedical research?"
7,"1. What is the history of pathology?
    2. What is the concept of studying disease through the methodical dissection and examination of diseased bodies, organs, and tissues?
    3. Who is the father of microscopic pathology?
    4. What is histology?
    5. What is the significance of histotechnology in the field of pathology?
    6. What are the different types of fixatives used in histology?
    7. What is the purpose of dehydration in histology?
    8. What is the significance of histochemical techniques in pathology?
    9. What is the purpose of autoradiography in pathology?
    10. What is immunohistochemistry?"
8,"1. What is the main idea of the passage?
        - The introduction of evolution and how it has been studied and understood over time.
        - The concept of evolution and how it works.
        - The history of the study of evolution and the key figures involved.
        - The evidence for evolution and how it is supported by various fields of science.
2. What is the difference between ""descent with modification"" and ""survival of the fittest""?
        - ""Descent with modification"" is a term used by Charles Darwin to describe the idea that all living things share a common ancestor and have evolved over time through a process of modification. ""Survival of the fittest"" is a term used to describe the process of natural selection, where individuals with favorable traits are more likely to survive and reproduce, passing those traits on to their offspring.
        - ""Descent with modification"" is a broader term that encompasses the idea of common ancestry and the modification of traits over time, while ""survival of the fittest"" is a specific process that occurs within a population.
        - ""Descent with modification"" is a scientific theory,"
9,"1. What is the age of the Vredefort crater?
    2. What is the name of the impact crater in South Africa?
    3. What is the diameter of the Vredefort crater?
    4. What is the name of the dome in the centre of the Vredefort crater?
    5. What is the purpose of granting prospecting rights around the edges of the crater?
    6. What is the name of the radio station that was granted a broadcasting license in 2011?
    7. What is the name of the band that performed 20,000 autopsies?
    8. What is the name of the student of Virchow who combined histology techniques with experimental manipulations?
    9. What is the name of the bat colony in the Trascău Mountains?
    10. What is the name of the species of perch that is only extant in a 1 km stretch of the Vâlsan?
    11. What is the name of the method of preparing extremely thin sections for transmission electron microscope analysis?
    12. Who"
10,"1. What is the main theme of ""Supertoys Last All Summer Long""?
    2. What is the significance of the unfinished letters found by Monica Swinton?
    3. How does David Swinton feel about his own identity?
    4. What is the purpose of the ""Order of Maternal Glory""?
    5. What is the significance of the different classes of the ""Order of Maternal Glory""?
    6. How does the story of ""Supertoys Last All Summer Long"" relate to the theme of loneliness and isolation?
    7. What is the significance of the title of the story, ""Supertoys Last All Summer Long""?
    8. How does the story portray the relationship between technology and human emotion?
    9. What is the significance of the character of Teddy in the story?
    10. How does the story explore the idea of identity and self-awareness?"
11,"1. What is phytogeography?
Phytogeography is the branch of biogeography that deals with the geographic distribution of plant species and their influence on the earth's surface.

2. What are the four main fields of phytogeography?
The four main fields of phytogeography are ecological phytogeography, historical phytogeography, floristics, and evolutionary phytogeography.

3. What is ecological phytogeography?
Ecological phytogeography is the study of the role of current-day biotic and abiotic interactions in influencing plant distributions.

4. What is historical phytogeography?
Historical phytogeography is concerned with the historical reconstruction of the origin, dispersal, and extinction of taxa (plant species or higher taxonomic units).

5. What is floristics?
Floristics is the study of the flora of a specific territory or area, including the identification, classification, and distribution of plant species.

6. What is evolutionary phytogeography?
Evolutionary phytogeography is the study of the evolutionary"
12,"1. What is defense physiology?
    2. What is the difference between a ""perceived threat"" and a ""threat""?
    3. What is the purpose of the ""fight-or-flight"" response?
    4. What is epitope binning and how is it used in the pharmaceutical industry?
    5. What is the history of pathology?
    6. What is a remote control animal and how does it work?
    7. What is survival analysis and what is its purpose?
    8. What is the difference between a survival function and a hazard function?
    9. What is the force of mortality and how is it used in actuarial science?
    10. What is the relationship between the ""fight-or-flight"" response and the survival of an organism?"
13,"1. What is homology modeling?
    2. What is the main challenge in homology modeling?
    3. What are the two most common and large-scale sources of error in homology modeling?
    4. How can alignment errors be minimized in homology modeling?
    5. What is the PDBREPORT database?

Answers:

1. Homology modeling is a method used in molecular biology to predict the three-dimensional structure of a protein based on the known structure of a related protein.
2. The main challenge in homology modeling is the accuracy of the prediction, particularly at low sequence identities between the target and template proteins.
3. The two most common and large-scale sources of error in homology modeling are poor template selection and inaccuracies in target-template sequence alignment.
4. Alignment errors can be minimized in homology modeling by using a structural alignment, or a sequence alignment produced on the basis of comparing two solved structures, and by iteratively refining local regions of low similarity.
5. The PDBREPORT database is a database that lists errors in experimental (template) structures"
14,"1. What is the topic of the passage?
    2. Who is the author of the passage?
    3. What is the main idea of the passage?
    4. What is the purpose of the passage?
    5. What are some of the key points mentioned in the passage?
    6. What is the significance of the passage?
    7. How does the passage relate to the broader context of the field or subject?
    8. What are some of the implications of the passage for future research or practice?
    9. How does the passage challenge or support existing theories or beliefs in the field?
    10. What are some of the limitations of the passage, and how could it be improved?

Answers:

1. The topic of the passage is the study of remote control animals, specifically the use of brain-to-brain interfaces (BBI) to control the tail movement of rats.
2. The author of the passage is not explicitly stated, but based on the context it appears to be a researcher or scientist working in the field of neuroscience or biotechnology.
3. The main idea of the passage is"
15,"1. What is the main topic of the passage?
        - The main topic of the passage is the Darlington Lecture and its significance in the field of biology.
    2. What is the Darlington Lecture?
        - The Darlington Lecture is a lectureship of the John Innes Centre named after its former director, the geneticist C. D. Darlington.
    3. When was the Darlington Lecture established?
        - The Darlington Lecture was established in 1976.
    4. Who delivered the first Darlington Lecture?
        - The first Darlington Lecture was delivered by George Gaylord Simpson.
    5. What is the focus of the Darlington Lecture?
        - The focus of the Darlington Lecture is on the evolution of organisms and the processes that shape their diversity.
    6. How does the Darlington Lecture contribute to the field of biology?
        - The Darlington Lecture provides a platform for leading biologists to share their ideas and insights on the evolution"
16,"1. What is the purpose of epitope binning?
Epitope binning is a process used in the field of immunology to identify and categorize antibodies based on their binding properties to specific epitopes (regions) on a protein. The purpose of epitope binning is to group antibodies into categories based on their specificity for different epitopes, which can help researchers understand the structure and function of proteins, identify potential drug targets, and develop new diagnostic and therapeutic tools.

2. What is the difference between endogenous retroviruses (ERVs) and exogenous retroviruses (XRVs)?
Endogenous retroviruses (ERVs) are retroviruses that are integrated into the host genome and are passed on to offspring through the host's DNA. Exogenous retroviruses (XRVs), on the other hand, are retroviruses that are introduced into the host through a foreign vector, such as a plasmid or virus, and are not integrated into the host genome. ERVs are typically inactive and do not cause any harm to"
17,"1. What are some open-ended questions that can be used to generate discussion and critical thinking about the topic of ""Mark Hay"" and ""Silent Spring""?







"
18,"1. What is the topic of the article?
    2. According to the article, what is the current state of the fauna of Romania?
    3. What are some of the invasive alien species found in Romania, and how have they impacted the ecosystem?
    4. What is the current state of the mammal population in Romania, and what are some of the largest species found in the country?
    5. What is the distribution of the brown bear population in Romania, and how many are found in the Tucson area?
    6. What is the relationship between urban development and the distribution of bird species in Tucson?
    7. What is the significance of the Tucson Bird Count, and what do the results of the count reveal about the bird population in the area?
    8. How do the distribution patterns of bird species in Tucson compare to those in other parts of the Sonoran Desert?
    9. What are some of the conservation efforts being made to protect the bird population in Tucson and the surrounding area?
    10. How can the results of the Tucson Bird Count be used to inform"
19,"1. What is Shuiyousphaeridium?
    2. What is Xiyanping, and how is it used to treat various medical conditions?
    3. What are epoxyeicosatetraenoic acids, and how do they mimic the actions of EETs in animals?
    4. What are polyphosphate-accumulating organisms, and how do they remove phosphorus from wastewater?
    5. What is procymidone, and how is it used as a pesticide?
    6. What is indoor residual spraying, and how is it used to control malaria?
    7. What are the isomers of 14,15-epoxy-eicosatetraenoic acid, and which enzymes are responsible for their formation?
    8. Can remote-controlled animals be used in search and rescue operations?
    9. What are the concerns regarding property development and mining in the Vredefort Dome World Heritage Site?
    10. What is the purpose of the community radio station in the Vredefort Dome area?"
20,"1. What is histology?
    2. What are the four basic types of animal tissues?
    3. What is ultramicrotomy?
    4. What are artifacts in histology?
    5. Who is considered the founder of the fields of histology and microscopic pathology?
    6. What is immunohistochemistry?
    7. What is the difference between histochemistry and immunohistochemistry?
    8. What is the purpose of histology?
    9. What is the difference between histology and pathology?
    10. What is the history of pathology?"
21,"1. What is the Seto Marine Biological Laboratory, and what is its history?
    2. What is the United States Marine Mammal Program, and what is its purpose?
    3. What is MarLIN, and how does it provide information on marine biodiversity?
    4. What is Kaede, and how is it used in cell tracking and visualization?
    5. What is a remote control animal, and how is it used in scientific research?
    6. What are polyphosphate-accumulating organisms, and how do they remove phosphorus from wastewater?
    7. What is the Wyss Institute for Biologically Inspired Engineering, and what are its six Enabling Technology Platforms?






"
22,"1. What are endogenous retroviruses (ERVs)?
ERVs are retroviruses that are integrated into the host genome and are passed on to offspring as a novel allele. They are distinct from exogenous retroviruses, which are acquired through infection and are not integrated into the host genome.

2. What are the different classes of endogenous retroviruses?
There are three classes of endogenous retroviruses: Class I, Class II, and Class III. Class I includes retroviruses that are similar in sequence to mammalian ""Gammaretroviruses"" (type C) and ""Epsilonretroviruses"" (Type E). Class II includes retroviruses that are similar in sequence to mammalian ""Betaretroviruses"" (type B) and ""Deltaretroviruses"" (type D). Class III includes retroviruses that are similar in sequence to foamy viruses.

3. How do endogenous retroviruses integrate into the host genome?
Endogenous retroviruses integrate into the host genome through a process called homologous recombination. This occurs when"
23,"1. What is the definition of cancer stem cells (CSCs)?
    2. What are the characteristics of CSCs?
    3. How do CSCs form tumors?
    4. What is the origin of CSCs?
    5. How do CSCs evade therapy?
    6. What are the potential therapeutic strategies for targeting CSCs?
    7. What is the role of the Notch pathway in CSCs?
    8. How do CSCs maintain their stemness?
    9. What are the challenges in targeting CSCs?
    10. What is the future outlook for CSCs research?

Note: These questions are meant to be starting points for further research and discussion, and are not intended to be exhaustive or definitive."
24,"1. What is the Marine Life Information Network (MarLIN)?
    2. What is the United States Marine Mammal Program?
    3. What is the Seto Marine Biological Laboratory?
    4. Who is Mark Hay?
    5. What is biological data visualization?
    6. What is a remote control animal?
    7. What is HubMed?
    8. What is the National Catholic Bioethics Center?
    9. What is GLIMMER?
    10. What are the six Enabling Technology Platforms of the Wyss Institute for Biologically Inspired Engineering?"
25,"1. What is the definition of phytogeography?
Phytogeography is the branch of biogeography that is concerned with the geographic distribution of plant species and their influence on the earth's surface.

2. What is the difference between ecological phytogeography and historical phytogeography?
Ecological phytogeography investigates the role of current-day biotic and abiotic interactions in influencing plant distributions, while historical phytogeography is concerned with historical reconstruction of the origin, dispersal, and extinction of taxa.

3. What is an area in phytogeography?
An area is the entire location where a species, an element, or an entire flora can occur.

4. Who is considered the ""father of phytogeography""?
Alexander von Humboldt is often referred to as the ""father of phytogeography"" because he advocated a quantitative approach to phytogeography that has characterized modern plant geography.

5. What is the importance of studying phytogeography?
Studying phytogeography can provide information about how species interaction result in their geography, and"
26,"1. What is the definition of alternative stable states in ecology?
    2. How do community and ecosystem perspectives differ in their approach to understanding alternative stable states?
    3. Can you provide an example of hysteresis in ecological systems?
    4. How do environmental drivers affect the existence of alternative stable states in ecosystems?
    5. What is the difference between a state variable and an ecosystem parameter in the context of alternative stable states?
    6. How do changes in population densities or spatial arrangements of individuals affect community structure and the existence of alternative stable states?
    7. What is the relationship between resilience and alternative stable states in ecosystems?
    8. Can you explain the concept of basins of attraction in the context of alternative stable states?
    9. How do management decisions affect the existence of alternative stable states in ecosystems?
    10. What are some of the challenges associated with studying alternative stable states in ecological systems?"
27,"1. What are reflectins, and how do they help camouflage cephalopods?
Reflectins are intrinsely disordered proteins evolved by cephalopods, including squid and cuttlefish, to produce iridescent camouflage. The proteins are composed of aromatic and sulfur-containing amino acids, which give them their unique optical properties. By scattering light in a particular way, reflectins help cephalopods blend in with their surroundings, making it difficult for predators to detect them.

    2. What is Kaede protein, and how is it used in cell tracking and visualization?
Kaede is a photoactivatable fluorescent protein that is naturally occurring in stony corals. It can be used to label cells and track their movement or behavior. When exposed to UV light, Kaede protein shifts from green to red, allowing researchers to visualize and track cells with greater sensitivity.

    3. What is the function of histology in biology, and how did Marcello Malpighi contribute to the field?
Histology is the study of the microscop"
28,"1. What is Procymidone?
    2. What is Mueller-Hinton agar?
    3. What are Polyphosphate-accumulating organisms?
    4. What is Silent Spring?
    5. What is the function of Dmc1 in yeast?
    6. What is the National Catholic Bioethics Center?
    7. What is Epoxyeicosatetraenoic acid?

Answers:

1. Procymidone is a pesticide used for killing unwanted ferns and nettles, and as a fungicide for seed dressing, pre-harvest spray or post-harvest dip of lupins, grapes, stone fruit, strawberries.
2. Mueller-Hinton agar is a microbiological growth medium commonly used for antibiotic susceptibility testing.
3. Polyphosphate-accumulating organisms are bacteria that can consume a range of carbon compounds, such as acetate and propionate, under anaerobic conditions and store these compounds as polyhydroxyalkano"
29,"1. What is GLIMMER?
    2. What is the purpose of GLIMMER?
    3. What are the features of GLIMMER?
    4. What are the applications of GLIMMER?
    5. What are the advantages of GLIMMER?
    6. What are the limitations of GLIMMER?
    7. How does GLIMMER work?
    8. What is the difference between GLIMMER 0 and GLIMMER 2.0?
    9. What is the difference between GLIMMER and M1G?
    10. What are the potential uses of GLIMMER in the future?


Answer:

    1. GLIMMER is a gene finding tool used in bioinformatics to identify genes in prokaryotic DNA sequences.
    2. The purpose of GLIMMER is to identify genes in prokaryotic DNA sequences by using a combination of Markov models and hidden state models.
    3. The features of GLIMMER include its ability to identify genes in prokaryotic DNA sequences, its high accuracy,"
30,"1. What are some potential uses of remote-controlled animals?
    2. What are some of the ethical concerns surrounding the use of remote-controlled animals?
    3. How do researchers use micro-electrodes to control the movements of animals?
    4. What is the difference between a remote-controlled animal and a cyborg?
    5. Can remote-controlled animals be used in search and rescue operations?
    6. How do researchers use chemically caged ATP to control the movements of insects?
    7. What is the purpose of the giant fibre system in insects?
    8. How do researchers use remote control devices to stimulate the sense of smell in sharks?
    9. What are some potential military uses of remote-controlled animals?
    10. How do researchers implant electrodes in the brain of animals for remote control?"
31,"1. What is the Tucson Bird Count?
    2. What is the purpose of the Tucson Bird Count?
    3. What species of birds are known or suspected to breed in the Tucson area?
    4. What is the spatially systematic monitoring method used by the Tucson Bird Count?
    5. What is the Danube Delta in Romania?
    6. What is the purpose of the Fauna of Romania series?
    7. What is the current state of the Romanian darter species?
    8. What is the population size of the European pond turtle in Romania?
    9. What is the purpose of the conservation efforts for the bearded vulture in Romania?
    10. What is the current state of the brown bear population in Romania?
    11. What is the purpose of the culling plan for the brown bear population in Romania?
    12. What is the current state of the Mediterranean monk seal population in Romania?
    13. What is the purpose of the European mouflon introduction in Romania?
    14."
32,"1. What is the definition of survival analysis?
Survival analysis is a branch of statistics that deals with the analysis of time-to-event data, where the event of interest is the failure, death or censored observation. The goal of survival analysis is to model the probability of survival over time, accounting for variables that may affect the risk of failure or death.

2. What are the different types of survival analysis?
Survival analysis can be broadly classified into two types:

a. Uncensored survival analysis: In this type of analysis, the event time is known for all observations, and the survival function is estimated using the entire data set.

b. Censored survival analysis: In this type of analysis, the event time is only known for a subset of observations, and the survival function is estimated using the observed data.
3. What is the survival function?
The survival function is a probability function that describes the probability of surviving beyond a given time. It is defined as the probability of surviving until time ""t"", given that the event has not occurred before time ""t"". The survival function is usually denoted as"
33,"1. What are the open-ended questions related to Indoor Residual Spraying (IRS)?
        a. What are the factors that must be considered when selecting an insecticide for IRS?
        b. How does IRS compare to other methods of malaria control in terms of cost-effectiveness?
        c. What are the potential environmental effects of IRS, and how can they be mitigated?
        d. How does the use of DDT for IRS affect the development of insecticide resistance in mosquito populations?
        e. What are the potential health effects of IRS on humans and other living organisms?
        f. How does the effectiveness of IRS depend on the type of dwelling and the materials used in its construction?
        g. What are the potential alternatives to DDT for IRS, and how effective are they?
        h. How does the use of IRS affect the distribution and behavior of mosquito populations?
        i. What are the potential impacts of IRS on non-target organisms, such as beneficial insects and other wildlife?
        j. How does the implementation of IRS vary across"
34,"1. What is the HUGO Gene Nomenclature Committee, and what does it do?
    2. What is the difference between a gene name and a gene symbol?
    3. How does the HGNC assign gene symbols to genes?
    4. What is the purpose of the Darlington Lecture?
    5. What is the difference between homology modeling and sequence alignment?
    6. What is the role of artificial selection in plant and animal evolution?
    7. How does the similarity in DNA between different species help biologists understand evolutionary relationships?
    8. What is the relationship between the HUGO Gene Nomenclature Committee and the related Mouse and Rat Genomic Nomenclature Committees?
    9. How does the HGNC coordinate with experts for given specific gene families or sets of genes?
    10. What is the difference between a gene and a locus?"
35,"1. What is M1G and how is it related to DNA repair?
    2. What is the difference between GLIMMER 0 and GLIMMER 2?
    3. What is the purpose of the Darlington Lecture?
    4. What is the significance of the Vredefort crater?
    5. How does homology modeling work in the context of life science?
    6. What is the history of Millipore and how did it become a part of Merck?
    7. What is the difference between Millipore and MilliporeSigma?
    8. What is the significance of the word ""millipore"" in the context of the company?
    9. How does the company's use of the word ""millipore"" relate to the technology it produces?
    10. What is the significance of the company's name change from Millipore to MilliporeSigma?"
36,"1. What are the different types of models used in computational biology?
    2. What is the difference between a stochastic model and a deterministic model in computational biology?
    3. How do homology models generate hypotheses about the kinetics and dynamics of a protein?
    4. What is the advantage of using a combination of molecular dynamics simulations and homology modeling in computational biology?
    5. Can you explain the concept of a ""sink"" in the context of a system of differential equations in computational biology?
    6. How do researchers validate the parameters of a model in computational biology?
    7. What is the difference between the ""cancer stem cell"" model and the ""stochastic model"" in computational biology?
    8. How do large-scale automated modeling of all identified protein-coding regions in a genome help in identifying novel relationships between proteins?
    9. What is the advantage of using a combination of molecular dynamics simulations and homology modeling in computational biology for studying the ion selectivity of a potassium channel?
    10. Can you explain the concept of ""functional heterogeneity"
37,"1. What is the Order of Maternal Glory?
    2. What is the difference between the first, second, and third class medals of the Order of Maternal Glory?
    3. What is the significance of the flag and gilded lettering on the medals of the Order of Maternal Glory?
    4. How did the ant and the acacia tree evolve to create a mutually beneficial relationship?
    5. What is the role of genetic variation in the evolution of placental morphology between different species?
    6. How did Darwin's theory of natural selection lay the groundwork for modern evolutionary theory?
    7. What is Lamarckism, and how did August Weismann's experiments contribute to the decline of this theory?
    8. What is the significance of the phrase ""survival of the fittest"" in the context of evolutionary theory?
    9. How do inherited traits contribute to the evolution of organisms over time?
    10. What is the relationship between the inheritance of acquired characteristics and the concept of evolution?"
38,"1. What is the Wyss Institute for Biologically Inspired Engineering, and what are its main areas of focus?
    2. What is a cellular model, and how is it used in systems biology and mathematical biology?
    3. What is homology modeling, and how is it used in protein structure prediction?
    4. What is the Seto Marine Biological Laboratory, and what research is conducted there?
    5. What is remote control animal, and how is it used in various fields?
    6. What is the General Regression Neural Network algorithm, and how is it used in controlling human operations?
    7. What is the Backyard Brains' ""RoboRoach"" kit, and how does it work?
    8. What is the difference between a pulse train and a specific series of pulses in the context of insect flight control?
    9. How does the use of graded turning and backward walking in small darkling beetles (Zophobas morio) compare to other insects?
    10. What are some potential applications of remote control animals in various fields?"
39,"1. What are eyespots, and what is their evolutionary significance?
    2. How do eyespots function as a form of mimicry in butterflies and other insects?
    3. What is the role of the Hh signaling pathway in the development and patterning of eyespots in butterflies?
    4. How do Kaede protein and other fluorescent proteins help visualize individual neurons in a dense culture?
    5. What is the significance of the regional optical markers for gene expression and protein labeling in the study of cell behaviors?
    6. How do eyespots play a role in intraspecies communication and sexual selection in butterflies and other insects?
    7. What is the relationship between the Distal-less gene and the formation of eyespots in butterflies?
    8. How do the different expression patterns of the Notch (N) gene and the Distal-less (Dll) gene contribute to the development and patterning of eyespots in butterflies?
    9. What is the significance of the early developmental signaling sources, like the canonical H"
40,"1. What is the United States Marine Mammal Program, and what is its purpose?
    2. Why are brown bears in Romania being culled, and what is the impact of this decision on conservation efforts?
    3. What are some of the challenges faced by researchers studying remote-controlled animals, and how can these challenges be addressed?
    4. What is the significance of convergent evolution in the context of sharks and dolphins, and how does it relate to their similar body forms?
    5. How does the National Catholic Bioethics Center's educational program in health care ethics contribute to the development of ethical principles in the healthcare industry?
    6. What are some of the ethical considerations surrounding the use of living creatures in direct control experiments, and how can these concerns be addressed?
    7. What is the purpose of the Marine Life Information Network (MarLIN), and how does it contribute to the understanding and conservation of marine biodiversity?
    8. How do embryonic development and morphological similarities between species inform our understanding of evolutionary history and the relationships between different organisms?
    9. What is the significance of"
41,"1. What are microRNAs and how do they function in the body?
    2. What is the role of miR-616 in the development of prostate cancer?
    3. How do endogenous retroviruses (ERVs) influence the evolution of mammalian genomes?
    4. What is the function of the neuronal apoptosis inhibitory protein (NAIP) and how does it relate to HERVs?
    5. How do ERVs contribute to the regulation of human innate immunity?
    6. What is the relationship between ERVs and the development of cancer?
    7. How do ERVs influence the expression of genes involved in immune response?
    8. What is the mechanism by which ERVs regulate the expression of genes involved in cell proliferation and differentiation?
    9. How do ERVs contribute to the development of autoimmune diseases?
    10. What are the potential therapeutic applications of ERVs in the treatment of cancer and other diseases?"
42,"1. What is Xiyanping, and how is it used to treat hand, foot, and mouth disease, diarrhea, upper respiratory tract infections, and viral pneumonia?
    2. What is the Darlington Lecture, and who is the geneticist C. D. Darlington?
    3. What is the remote control animal, and how does it help researchers study the behavior of insects?
    4. What is an endogenous retrovirus, and how has it been used to study the evolution of humans and chimpanzees?
    5. What is the GLIMMER program, and how does it work?
    6. What is Silent Spring, and how did it impact the environmental movement?
    7. What is the Order of Maternal Glory, and how was it awarded to women in the Soviet Union?
    8. What is indoor residual spraying, and how is it used to control malaria?
    9. What is the Vredefort crater, and what concerns have been raised about mining and sewage dumping in the area?
    10"
43,"1. Epoxyeicosatetraenoic acid
    2. Epoxyeicosatrienoic acid
    3. Epoxyeicosapentaenoic acid
    4. Epoxyeicosatriaenoic acid
    5. Epoxyeicosatetraenoic acid
    6. Epoxyeicosatrienoic acid
    7. Epoxyeicosapentaenoic acid
    8. Epoxyeicosatriaenoic acid
    9. Epoxyeicosatetraenoic acid
    10. Epoxyeicosatetraenoic acid
    11. Candidatus Accumulibacterium phosphatis
    12. Candidatus Accumulibacterium phosphatis
    13. Candidatus Accumulibacterium phosphatis
    14. Candidatus Accumulibacterium phosphatis
    15. Candidatus Accumulibacterium phosphatis
    16. Candidate
    7. Candidate. Candidate. Candidate. Candidate. Candidate. Candid"
44,"1. What was the name of the company that Merck acquired in 2010?
    2. What is the name of the prominent arc of hills that can be seen to the northwest of the Vredefort crater center?
    3. What is the name of the book written by Rachel Carson that was published in 1962?
    4. What is the name of the lectureship established at the John Innes Centre in 1998?
    5. What is the name of the information system for marine biodiversity established in 1998 for Great Britain and Ireland?
    6. In butterflies, what are the filamentous structures found at the ends of their wings called?
    7. In some species of reptiles, what are the spots or markings found along the back called?
    8. In some male birds, what are the conspicuous markings on their plumage called?

Answers:

1. Millipore
2. Vredefort dome
3. Silent Spring
4. Darlington Lecture
5. MarLIN
6"
45,"1. What is the main theme of ""Silent Spring""?
    2. What was the impetus for Rachel Carson to write ""Silent Spring""?
    3. Who was the first to respond to ""Silent Spring""?
    4. What was the reaction of the chemical industry to ""Silent Spring""?
    5. How did Carson and the publishers respond to the criticism of the chemical industry?
    6. What was the impact of ""Silent Spring"" on the public and the environment?
    7. What was the outcome of the legal action taken by the chemical industry against Houghton Mifflin?
    8. How did ""Silent Spring"" influence the creation of the Environmental Protection Agency?
    9. What was the significance of the publication of ""Silent Spring"" in the context of the environmental movement?
    10. How has the message of ""Silent Spring"" continued to influence environmental policies and practices today?"
46,"1. What is MethBase and what does it provide?
    2. What is HubMed and how does it differ from PubMed?
    3. What is Marine Life Information Network (MarLIN) and what does it offer?
    4. What is Wyss Institute for Biologically Inspired Engineering and what is its mission?
    5. What is National Catholic Bioethics Center and what does it provide?
    6. What is GLIMMER and what are its versions?
    7. What is Silent Spring and what was the author's finding?
    8. What is biological data visualization and what are its applications?




"
47,"1. What are the open-ended questions related to Erdafitinib?
      a. What is the mechanism of action of Erdafitinib?
      b. What are the side effects of Erdafitinib?
      c. How does Erdafitinib work in the treatment of bile duct cancer?
      d. Can Erdafitinib be used to treat other types of cancer?
      e. What are the potential risks and benefits of using Erdafitinib for the treatment of cancer?
      f. How does the efficacy of Erdafitinib compare to other treatments for cancer?
      g. What are the current challenges and limitations in the use of Erdafitinib for cancer treatment?
      h. What are the future directions for research on Erdafitinib?


2. What are the open-ended questions related to Kaede protein?
      a. How does Kaede protein convert from green to red fluorescence?
      b. What is the structure of Kaede protein?
      c. How does the tetrameric structure of Kaede protein affect its function?
      d"
48,"1. What is the National Catholic Bioethics Center and what is its mission?
    2. What are the different departments of the National Catholic Bioethics Center and what are their responsibilities?
    3. What is the purpose of the Darlington Lecture and who is it named after?
    4. What is the Wyss Institute for Biologically Inspired Engineering and what is its mission?
    5. What are some ethical concerns raised about remote control animals and how do experts in the field address these concerns?
    6. What is a cancer stem cell and how does the discovery of a new drug affect its ability to replicate and migrate?
    7. How does the National Catholic Bioethics Center provide moral analysis to the United States Conference of Catholic Bishops and other interested parties?
    8. What is the relationship between the National Catholic Bioethics Center and the Pontifical Academy for Life?
    9. How does the National Catholic Bioethics Center respond to over 600 requests for advice on moral issues each year?
    10. What is the significance of the library dedicated to the founding president of the National Catholic Bioethics"
49,"1. What is the main topic of the article?
        Answer: Eyespot (mimicry)
    2. What is the purpose of the article?
        Answer: To provide information about the evolutionary history of eyespots in butterflies and other animals.
    3. What are some of the findings of the article?
        Answer: Eyespots in butterflies and other animals have evolved through a complex series of genetic and developmental changes. The eyespot pattern is not a simple spotted or striped pattern, but rather a complex arrangement of pigments and markings that mimic the eyes of a predator. The size and shape of the eyespot can influence the perception of the animal's size and threat level by predators.
    4. What are some of the possible functions of eyespots?
        Answer: Eyespots may serve as a form of mimicry, where the eyespot pattern resembles the eyes of a predator and tricks predators into thinking the animal is larger or more threatening than it actually is. Eyespots may also serve as a form of self-mimic"
