run,question_idx,metric,repetition,score,explanation,question,answer
1,292,metaphor_v2,1,0.320821300824607,"Uses metaphors such as 'feelings of substance are nothing more than an expression' and 'fields attract and repel one another', treating abstract concepts as tangible entities.",what are fields made of ?,"first of all, it is currently a philosophical question whether the fields are ""real"" or whether they are merely a mathematical model (and to some the distinction itself has no meaning). second of all, asking ""what are they made of?"" is to present a [false dilemma](_url_0_). would you still ask the question if the field was made out of atoms? but then what are atoms made of (and so on)? ultimately the feeling you have that things are made out of some palpable ""substance"" and that there is a distinction between that ""substance"" and abstract mathematical relationships, is a confusion. feelings of ""substance"" are nothing more than an expression of the fact that fields attract and repel one another. do these fields actually exist? obviously in some sense they do! but it is a philosophical question whether they are merely an effective mathematical description of something else, or if our description is in some sense a ""true"" representative of reality. as for your last question, different fields have different properties. there are scalar fields (like temperature -- it has a single value at each point in space), there are vector fields (like the wind -- it has a direction at each point in space), there are tensor fields (gravitational, electromagnetic). imagining, say, a trampoline, fields can have different tension. they can couple to other fields (or themselves) to greater or less extent (put one trampoline next to another -- does the one vibrating cause the other to vibrate?), and so on. one of the big differences between the electromagnetic field and the chromodynamic field (associated with the ""color"" charge carried by quarks and gluons) is that the latter is strongly self-interacting. it is so strongly self-interacting that you cannot even separate two quarks from each other; you always find quarks bound into hadrons (like the proton or neutron)."
1,292,metaphor_v2,2,0.3208212943308302,"The output mainly discusses philosophical and technical aspects without employing metaphors as defined, lacking direct metaphorical statements or personification.",what are fields made of ?,"first of all, it is currently a philosophical question whether the fields are ""real"" or whether they are merely a mathematical model (and to some the distinction itself has no meaning). second of all, asking ""what are they made of?"" is to present a [false dilemma](_url_0_). would you still ask the question if the field was made out of atoms? but then what are atoms made of (and so on)? ultimately the feeling you have that things are made out of some palpable ""substance"" and that there is a distinction between that ""substance"" and abstract mathematical relationships, is a confusion. feelings of ""substance"" are nothing more than an expression of the fact that fields attract and repel one another. do these fields actually exist? obviously in some sense they do! but it is a philosophical question whether they are merely an effective mathematical description of something else, or if our description is in some sense a ""true"" representative of reality. as for your last question, different fields have different properties. there are scalar fields (like temperature -- it has a single value at each point in space), there are vector fields (like the wind -- it has a direction at each point in space), there are tensor fields (gravitational, electromagnetic). imagining, say, a trampoline, fields can have different tension. they can couple to other fields (or themselves) to greater or less extent (put one trampoline next to another -- does the one vibrating cause the other to vibrate?), and so on. one of the big differences between the electromagnetic field and the chromodynamic field (associated with the ""color"" charge carried by quarks and gluons) is that the latter is strongly self-interacting. it is so strongly self-interacting that you cannot even separate two quarks from each other; you always find quarks bound into hadrons (like the proton or neutron)."
1,292,metaphor_v2,3,0.2450850076183952,"The text uses personification by stating 'feelings of substance are nothing more than an expression that fields attract and repel one another', and uses domain vocabulary crossover with 'electromagnetic field' and 'chromodynamic field'.",what are fields made of ?,"first of all, it is currently a philosophical question whether the fields are ""real"" or whether they are merely a mathematical model (and to some the distinction itself has no meaning). second of all, asking ""what are they made of?"" is to present a [false dilemma](_url_0_). would you still ask the question if the field was made out of atoms? but then what are atoms made of (and so on)? ultimately the feeling you have that things are made out of some palpable ""substance"" and that there is a distinction between that ""substance"" and abstract mathematical relationships, is a confusion. feelings of ""substance"" are nothing more than an expression of the fact that fields attract and repel one another. do these fields actually exist? obviously in some sense they do! but it is a philosophical question whether they are merely an effective mathematical description of something else, or if our description is in some sense a ""true"" representative of reality. as for your last question, different fields have different properties. there are scalar fields (like temperature -- it has a single value at each point in space), there are vector fields (like the wind -- it has a direction at each point in space), there are tensor fields (gravitational, electromagnetic). imagining, say, a trampoline, fields can have different tension. they can couple to other fields (or themselves) to greater or less extent (put one trampoline next to another -- does the one vibrating cause the other to vibrate?), and so on. one of the big differences between the electromagnetic field and the chromodynamic field (associated with the ""color"" charge carried by quarks and gluons) is that the latter is strongly self-interacting. it is so strongly self-interacting that you cannot even separate two quarks from each other; you always find quarks bound into hadrons (like the proton or neutron)."
1,292,metaphor_v2,4,0.2942149597859341,"The text primarily presents philosophical questions and technical descriptions without employing metaphors as defined, such as describing fields, atoms, and quarks without figurative identity or personification.",what are fields made of ?,"first of all, it is currently a philosophical question whether the fields are ""real"" or whether they are merely a mathematical model (and to some the distinction itself has no meaning). second of all, asking ""what are they made of?"" is to present a [false dilemma](_url_0_). would you still ask the question if the field was made out of atoms? but then what are atoms made of (and so on)? ultimately the feeling you have that things are made out of some palpable ""substance"" and that there is a distinction between that ""substance"" and abstract mathematical relationships, is a confusion. feelings of ""substance"" are nothing more than an expression of the fact that fields attract and repel one another. do these fields actually exist? obviously in some sense they do! but it is a philosophical question whether they are merely an effective mathematical description of something else, or if our description is in some sense a ""true"" representative of reality. as for your last question, different fields have different properties. there are scalar fields (like temperature -- it has a single value at each point in space), there are vector fields (like the wind -- it has a direction at each point in space), there are tensor fields (gravitational, electromagnetic). imagining, say, a trampoline, fields can have different tension. they can couple to other fields (or themselves) to greater or less extent (put one trampoline next to another -- does the one vibrating cause the other to vibrate?), and so on. one of the big differences between the electromagnetic field and the chromodynamic field (associated with the ""color"" charge carried by quarks and gluons) is that the latter is strongly self-interacting. it is so strongly self-interacting that you cannot even separate two quarks from each other; you always find quarks bound into hadrons (like the proton or neutron)."
1,292,metaphor_v2,5,0.3775406758018018,The output lacks clear metaphors as outlined in the criteria; it mainly uses technical explanations and analogies without clear metaphoric intent.,what are fields made of ?,"first of all, it is currently a philosophical question whether the fields are ""real"" or whether they are merely a mathematical model (and to some the distinction itself has no meaning). second of all, asking ""what are they made of?"" is to present a [false dilemma](_url_0_). would you still ask the question if the field was made out of atoms? but then what are atoms made of (and so on)? ultimately the feeling you have that things are made out of some palpable ""substance"" and that there is a distinction between that ""substance"" and abstract mathematical relationships, is a confusion. feelings of ""substance"" are nothing more than an expression of the fact that fields attract and repel one another. do these fields actually exist? obviously in some sense they do! but it is a philosophical question whether they are merely an effective mathematical description of something else, or if our description is in some sense a ""true"" representative of reality. as for your last question, different fields have different properties. there are scalar fields (like temperature -- it has a single value at each point in space), there are vector fields (like the wind -- it has a direction at each point in space), there are tensor fields (gravitational, electromagnetic). imagining, say, a trampoline, fields can have different tension. they can couple to other fields (or themselves) to greater or less extent (put one trampoline next to another -- does the one vibrating cause the other to vibrate?), and so on. one of the big differences between the electromagnetic field and the chromodynamic field (associated with the ""color"" charge carried by quarks and gluons) is that the latter is strongly self-interacting. it is so strongly self-interacting that you cannot even separate two quarks from each other; you always find quarks bound into hadrons (like the proton or neutron)."
1,292,metaphor_v2,6,0.348645142101806,The text lacks metaphors that fit the defined criteria; it mainly discusses philosophical questions and utilizes technical language.,what are fields made of ?,"first of all, it is currently a philosophical question whether the fields are ""real"" or whether they are merely a mathematical model (and to some the distinction itself has no meaning). second of all, asking ""what are they made of?"" is to present a [false dilemma](_url_0_). would you still ask the question if the field was made out of atoms? but then what are atoms made of (and so on)? ultimately the feeling you have that things are made out of some palpable ""substance"" and that there is a distinction between that ""substance"" and abstract mathematical relationships, is a confusion. feelings of ""substance"" are nothing more than an expression of the fact that fields attract and repel one another. do these fields actually exist? obviously in some sense they do! but it is a philosophical question whether they are merely an effective mathematical description of something else, or if our description is in some sense a ""true"" representative of reality. as for your last question, different fields have different properties. there are scalar fields (like temperature -- it has a single value at each point in space), there are vector fields (like the wind -- it has a direction at each point in space), there are tensor fields (gravitational, electromagnetic). imagining, say, a trampoline, fields can have different tension. they can couple to other fields (or themselves) to greater or less extent (put one trampoline next to another -- does the one vibrating cause the other to vibrate?), and so on. one of the big differences between the electromagnetic field and the chromodynamic field (associated with the ""color"" charge carried by quarks and gluons) is that the latter is strongly self-interacting. it is so strongly self-interacting that you cannot even separate two quarks from each other; you always find quarks bound into hadrons (like the proton or neutron)."
1,292,metaphor_v2,7,0.348645142101806,"The actual output contains figurative language like 'imagining, say, a trampoline' and 'fields can have different tension' but lacks a direct metaphor as defined in the evaluation steps.",what are fields made of ?,"first of all, it is currently a philosophical question whether the fields are ""real"" or whether they are merely a mathematical model (and to some the distinction itself has no meaning). second of all, asking ""what are they made of?"" is to present a [false dilemma](_url_0_). would you still ask the question if the field was made out of atoms? but then what are atoms made of (and so on)? ultimately the feeling you have that things are made out of some palpable ""substance"" and that there is a distinction between that ""substance"" and abstract mathematical relationships, is a confusion. feelings of ""substance"" are nothing more than an expression of the fact that fields attract and repel one another. do these fields actually exist? obviously in some sense they do! but it is a philosophical question whether they are merely an effective mathematical description of something else, or if our description is in some sense a ""true"" representative of reality. as for your last question, different fields have different properties. there are scalar fields (like temperature -- it has a single value at each point in space), there are vector fields (like the wind -- it has a direction at each point in space), there are tensor fields (gravitational, electromagnetic). imagining, say, a trampoline, fields can have different tension. they can couple to other fields (or themselves) to greater or less extent (put one trampoline next to another -- does the one vibrating cause the other to vibrate?), and so on. one of the big differences between the electromagnetic field and the chromodynamic field (associated with the ""color"" charge carried by quarks and gluons) is that the latter is strongly self-interacting. it is so strongly self-interacting that you cannot even separate two quarks from each other; you always find quarks bound into hadrons (like the proton or neutron)."
1,292,metaphor_v2,8,0.5621765008857981,"""Feelings of 'substance' are nothing more than an expression of the fact that fields attract and repel one another"" uses personification, presenting feelings as expressions of field interactions.",what are fields made of ?,"first of all, it is currently a philosophical question whether the fields are ""real"" or whether they are merely a mathematical model (and to some the distinction itself has no meaning). second of all, asking ""what are they made of?"" is to present a [false dilemma](_url_0_). would you still ask the question if the field was made out of atoms? but then what are atoms made of (and so on)? ultimately the feeling you have that things are made out of some palpable ""substance"" and that there is a distinction between that ""substance"" and abstract mathematical relationships, is a confusion. feelings of ""substance"" are nothing more than an expression of the fact that fields attract and repel one another. do these fields actually exist? obviously in some sense they do! but it is a philosophical question whether they are merely an effective mathematical description of something else, or if our description is in some sense a ""true"" representative of reality. as for your last question, different fields have different properties. there are scalar fields (like temperature -- it has a single value at each point in space), there are vector fields (like the wind -- it has a direction at each point in space), there are tensor fields (gravitational, electromagnetic). imagining, say, a trampoline, fields can have different tension. they can couple to other fields (or themselves) to greater or less extent (put one trampoline next to another -- does the one vibrating cause the other to vibrate?), and so on. one of the big differences between the electromagnetic field and the chromodynamic field (associated with the ""color"" charge carried by quarks and gluons) is that the latter is strongly self-interacting. it is so strongly self-interacting that you cannot even separate two quarks from each other; you always find quarks bound into hadrons (like the proton or neutron)."
1,292,metaphor_v2,9,0.5926665999540697,The text primarily contains literal descriptions and technical discussions without using clear metaphors.,what are fields made of ?,"first of all, it is currently a philosophical question whether the fields are ""real"" or whether they are merely a mathematical model (and to some the distinction itself has no meaning). second of all, asking ""what are they made of?"" is to present a [false dilemma](_url_0_). would you still ask the question if the field was made out of atoms? but then what are atoms made of (and so on)? ultimately the feeling you have that things are made out of some palpable ""substance"" and that there is a distinction between that ""substance"" and abstract mathematical relationships, is a confusion. feelings of ""substance"" are nothing more than an expression of the fact that fields attract and repel one another. do these fields actually exist? obviously in some sense they do! but it is a philosophical question whether they are merely an effective mathematical description of something else, or if our description is in some sense a ""true"" representative of reality. as for your last question, different fields have different properties. there are scalar fields (like temperature -- it has a single value at each point in space), there are vector fields (like the wind -- it has a direction at each point in space), there are tensor fields (gravitational, electromagnetic). imagining, say, a trampoline, fields can have different tension. they can couple to other fields (or themselves) to greater or less extent (put one trampoline next to another -- does the one vibrating cause the other to vibrate?), and so on. one of the big differences between the electromagnetic field and the chromodynamic field (associated with the ""color"" charge carried by quarks and gluons) is that the latter is strongly self-interacting. it is so strongly self-interacting that you cannot even separate two quarks from each other; you always find quarks bound into hadrons (like the proton or neutron)."
1,292,metaphor_v2,10,0.679178699175393,"The text uses metaphors such as 'feelings of 'substance' are nothing more than an expression' and 'say, a trampoline, fields can have different tension,' which describe concepts figuratively with imagery.",what are fields made of ?,"first of all, it is currently a philosophical question whether the fields are ""real"" or whether they are merely a mathematical model (and to some the distinction itself has no meaning). second of all, asking ""what are they made of?"" is to present a [false dilemma](_url_0_). would you still ask the question if the field was made out of atoms? but then what are atoms made of (and so on)? ultimately the feeling you have that things are made out of some palpable ""substance"" and that there is a distinction between that ""substance"" and abstract mathematical relationships, is a confusion. feelings of ""substance"" are nothing more than an expression of the fact that fields attract and repel one another. do these fields actually exist? obviously in some sense they do! but it is a philosophical question whether they are merely an effective mathematical description of something else, or if our description is in some sense a ""true"" representative of reality. as for your last question, different fields have different properties. there are scalar fields (like temperature -- it has a single value at each point in space), there are vector fields (like the wind -- it has a direction at each point in space), there are tensor fields (gravitational, electromagnetic). imagining, say, a trampoline, fields can have different tension. they can couple to other fields (or themselves) to greater or less extent (put one trampoline next to another -- does the one vibrating cause the other to vibrate?), and so on. one of the big differences between the electromagnetic field and the chromodynamic field (associated with the ""color"" charge carried by quarks and gluons) is that the latter is strongly self-interacting. it is so strongly self-interacting that you cannot even separate two quarks from each other; you always find quarks bound into hadrons (like the proton or neutron)."
2,292,metaphor_v2,1,0.2450850186463482,The text lacks metaphors and primarily involves literal descriptions and philosophical questions.,what are fields made of ?,"first of all, it is currently a philosophical question whether the fields are ""real"" or whether they are merely a mathematical model (and to some the distinction itself has no meaning). second of all, asking ""what are they made of?"" is to present a [false dilemma](_url_0_). would you still ask the question if the field was made out of atoms? but then what are atoms made of (and so on)? ultimately the feeling you have that things are made out of some palpable ""substance"" and that there is a distinction between that ""substance"" and abstract mathematical relationships, is a confusion. feelings of ""substance"" are nothing more than an expression of the fact that fields attract and repel one another. do these fields actually exist? obviously in some sense they do! but it is a philosophical question whether they are merely an effective mathematical description of something else, or if our description is in some sense a ""true"" representative of reality. as for your last question, different fields have different properties. there are scalar fields (like temperature -- it has a single value at each point in space), there are vector fields (like the wind -- it has a direction at each point in space), there are tensor fields (gravitational, electromagnetic). imagining, say, a trampoline, fields can have different tension. they can couple to other fields (or themselves) to greater or less extent (put one trampoline next to another -- does the one vibrating cause the other to vibrate?), and so on. one of the big differences between the electromagnetic field and the chromodynamic field (associated with the ""color"" charge carried by quarks and gluons) is that the latter is strongly self-interacting. it is so strongly self-interacting that you cannot even separate two quarks from each other; you always find quarks bound into hadrons (like the proton or neutron)."
2,292,metaphor_v2,2,0.2942149659744614,"The text contains explicit comparisons using 'like' which are similes, not metaphors, and lacks any qualifying metaphorical language.",what are fields made of ?,"first of all, it is currently a philosophical question whether the fields are ""real"" or whether they are merely a mathematical model (and to some the distinction itself has no meaning). second of all, asking ""what are they made of?"" is to present a [false dilemma](_url_0_). would you still ask the question if the field was made out of atoms? but then what are atoms made of (and so on)? ultimately the feeling you have that things are made out of some palpable ""substance"" and that there is a distinction between that ""substance"" and abstract mathematical relationships, is a confusion. feelings of ""substance"" are nothing more than an expression of the fact that fields attract and repel one another. do these fields actually exist? obviously in some sense they do! but it is a philosophical question whether they are merely an effective mathematical description of something else, or if our description is in some sense a ""true"" representative of reality. as for your last question, different fields have different properties. there are scalar fields (like temperature -- it has a single value at each point in space), there are vector fields (like the wind -- it has a direction at each point in space), there are tensor fields (gravitational, electromagnetic). imagining, say, a trampoline, fields can have different tension. they can couple to other fields (or themselves) to greater or less extent (put one trampoline next to another -- does the one vibrating cause the other to vibrate?), and so on. one of the big differences between the electromagnetic field and the chromodynamic field (associated with the ""color"" charge carried by quarks and gluons) is that the latter is strongly self-interacting. it is so strongly self-interacting that you cannot even separate two quarks from each other; you always find quarks bound into hadrons (like the proton or neutron)."
2,292,metaphor_v2,3,0.2942149659744614,The text contains no metaphors as defined; it only provides literal or philosophical descriptions without figurative language.,what are fields made of ?,"first of all, it is currently a philosophical question whether the fields are ""real"" or whether they are merely a mathematical model (and to some the distinction itself has no meaning). second of all, asking ""what are they made of?"" is to present a [false dilemma](_url_0_). would you still ask the question if the field was made out of atoms? but then what are atoms made of (and so on)? ultimately the feeling you have that things are made out of some palpable ""substance"" and that there is a distinction between that ""substance"" and abstract mathematical relationships, is a confusion. feelings of ""substance"" are nothing more than an expression of the fact that fields attract and repel one another. do these fields actually exist? obviously in some sense they do! but it is a philosophical question whether they are merely an effective mathematical description of something else, or if our description is in some sense a ""true"" representative of reality. as for your last question, different fields have different properties. there are scalar fields (like temperature -- it has a single value at each point in space), there are vector fields (like the wind -- it has a direction at each point in space), there are tensor fields (gravitational, electromagnetic). imagining, say, a trampoline, fields can have different tension. they can couple to other fields (or themselves) to greater or less extent (put one trampoline next to another -- does the one vibrating cause the other to vibrate?), and so on. one of the big differences between the electromagnetic field and the chromodynamic field (associated with the ""color"" charge carried by quarks and gluons) is that the latter is strongly self-interacting. it is so strongly self-interacting that you cannot even separate two quarks from each other; you always find quarks bound into hadrons (like the proton or neutron)."
2,292,metaphor_v2,4,0.6791787121629465,The text uses similes and technical terms but no clear metaphor as defined in the evaluation steps.,what are fields made of ?,"first of all, it is currently a philosophical question whether the fields are ""real"" or whether they are merely a mathematical model (and to some the distinction itself has no meaning). second of all, asking ""what are they made of?"" is to present a [false dilemma](_url_0_). would you still ask the question if the field was made out of atoms? but then what are atoms made of (and so on)? ultimately the feeling you have that things are made out of some palpable ""substance"" and that there is a distinction between that ""substance"" and abstract mathematical relationships, is a confusion. feelings of ""substance"" are nothing more than an expression of the fact that fields attract and repel one another. do these fields actually exist? obviously in some sense they do! but it is a philosophical question whether they are merely an effective mathematical description of something else, or if our description is in some sense a ""true"" representative of reality. as for your last question, different fields have different properties. there are scalar fields (like temperature -- it has a single value at each point in space), there are vector fields (like the wind -- it has a direction at each point in space), there are tensor fields (gravitational, electromagnetic). imagining, say, a trampoline, fields can have different tension. they can couple to other fields (or themselves) to greater or less extent (put one trampoline next to another -- does the one vibrating cause the other to vibrate?), and so on. one of the big differences between the electromagnetic field and the chromodynamic field (associated with the ""color"" charge carried by quarks and gluons) is that the latter is strongly self-interacting. it is so strongly self-interacting that you cannot even separate two quarks from each other; you always find quarks bound into hadrons (like the proton or neutron)."
2,292,metaphor_v2,5,0.6791787121629465,The text lacks clear metaphors as defined. Terms like 'fields can have different tension' or 'fields attract and repel one another' do not constitute metaphorical language according to the provided criteria.,what are fields made of ?,"first of all, it is currently a philosophical question whether the fields are ""real"" or whether they are merely a mathematical model (and to some the distinction itself has no meaning). second of all, asking ""what are they made of?"" is to present a [false dilemma](_url_0_). would you still ask the question if the field was made out of atoms? but then what are atoms made of (and so on)? ultimately the feeling you have that things are made out of some palpable ""substance"" and that there is a distinction between that ""substance"" and abstract mathematical relationships, is a confusion. feelings of ""substance"" are nothing more than an expression of the fact that fields attract and repel one another. do these fields actually exist? obviously in some sense they do! but it is a philosophical question whether they are merely an effective mathematical description of something else, or if our description is in some sense a ""true"" representative of reality. as for your last question, different fields have different properties. there are scalar fields (like temperature -- it has a single value at each point in space), there are vector fields (like the wind -- it has a direction at each point in space), there are tensor fields (gravitational, electromagnetic). imagining, say, a trampoline, fields can have different tension. they can couple to other fields (or themselves) to greater or less extent (put one trampoline next to another -- does the one vibrating cause the other to vibrate?), and so on. one of the big differences between the electromagnetic field and the chromodynamic field (associated with the ""color"" charge carried by quarks and gluons) is that the latter is strongly self-interacting. it is so strongly self-interacting that you cannot even separate two quarks from each other; you always find quarks bound into hadrons (like the proton or neutron)."
2,292,metaphor_v2,6,0.3208212878370535,The text uses explicit comparisons and literal descriptions without employing metaphors as defined in the criteria.,what are fields made of ?,"first of all, it is currently a philosophical question whether the fields are ""real"" or whether they are merely a mathematical model (and to some the distinction itself has no meaning). second of all, asking ""what are they made of?"" is to present a [false dilemma](_url_0_). would you still ask the question if the field was made out of atoms? but then what are atoms made of (and so on)? ultimately the feeling you have that things are made out of some palpable ""substance"" and that there is a distinction between that ""substance"" and abstract mathematical relationships, is a confusion. feelings of ""substance"" are nothing more than an expression of the fact that fields attract and repel one another. do these fields actually exist? obviously in some sense they do! but it is a philosophical question whether they are merely an effective mathematical description of something else, or if our description is in some sense a ""true"" representative of reality. as for your last question, different fields have different properties. there are scalar fields (like temperature -- it has a single value at each point in space), there are vector fields (like the wind -- it has a direction at each point in space), there are tensor fields (gravitational, electromagnetic). imagining, say, a trampoline, fields can have different tension. they can couple to other fields (or themselves) to greater or less extent (put one trampoline next to another -- does the one vibrating cause the other to vibrate?), and so on. one of the big differences between the electromagnetic field and the chromodynamic field (associated with the ""color"" charge carried by quarks and gluons) is that the latter is strongly self-interacting. it is so strongly self-interacting that you cannot even separate two quarks from each other; you always find quarks bound into hadrons (like the proton or neutron)."
2,292,metaphor_v2,7,0.622459338205511,The text lacks metaphor and uses either literal description or similes with explicit comparison words.,what are fields made of ?,"first of all, it is currently a philosophical question whether the fields are ""real"" or whether they are merely a mathematical model (and to some the distinction itself has no meaning). second of all, asking ""what are they made of?"" is to present a [false dilemma](_url_0_). would you still ask the question if the field was made out of atoms? but then what are atoms made of (and so on)? ultimately the feeling you have that things are made out of some palpable ""substance"" and that there is a distinction between that ""substance"" and abstract mathematical relationships, is a confusion. feelings of ""substance"" are nothing more than an expression of the fact that fields attract and repel one another. do these fields actually exist? obviously in some sense they do! but it is a philosophical question whether they are merely an effective mathematical description of something else, or if our description is in some sense a ""true"" representative of reality. as for your last question, different fields have different properties. there are scalar fields (like temperature -- it has a single value at each point in space), there are vector fields (like the wind -- it has a direction at each point in space), there are tensor fields (gravitational, electromagnetic). imagining, say, a trampoline, fields can have different tension. they can couple to other fields (or themselves) to greater or less extent (put one trampoline next to another -- does the one vibrating cause the other to vibrate?), and so on. one of the big differences between the electromagnetic field and the chromodynamic field (associated with the ""color"" charge carried by quarks and gluons) is that the latter is strongly self-interacting. it is so strongly self-interacting that you cannot even separate two quarks from each other; you always find quarks bound into hadrons (like the proton or neutron)."
2,292,metaphor_v2,8,0.7310585786300049,"The metaphor 'feelings of substance are nothing more than an expression of the fact that fields attract and repel one another' uses figurative language to describe abstract concepts, satisfying the criteria.",what are fields made of ?,"first of all, it is currently a philosophical question whether the fields are ""real"" or whether they are merely a mathematical model (and to some the distinction itself has no meaning). second of all, asking ""what are they made of?"" is to present a [false dilemma](_url_0_). would you still ask the question if the field was made out of atoms? but then what are atoms made of (and so on)? ultimately the feeling you have that things are made out of some palpable ""substance"" and that there is a distinction between that ""substance"" and abstract mathematical relationships, is a confusion. feelings of ""substance"" are nothing more than an expression of the fact that fields attract and repel one another. do these fields actually exist? obviously in some sense they do! but it is a philosophical question whether they are merely an effective mathematical description of something else, or if our description is in some sense a ""true"" representative of reality. as for your last question, different fields have different properties. there are scalar fields (like temperature -- it has a single value at each point in space), there are vector fields (like the wind -- it has a direction at each point in space), there are tensor fields (gravitational, electromagnetic). imagining, say, a trampoline, fields can have different tension. they can couple to other fields (or themselves) to greater or less extent (put one trampoline next to another -- does the one vibrating cause the other to vibrate?), and so on. one of the big differences between the electromagnetic field and the chromodynamic field (associated with the ""color"" charge carried by quarks and gluons) is that the latter is strongly self-interacting. it is so strongly self-interacting that you cannot even separate two quarks from each other; you always find quarks bound into hadrons (like the proton or neutron)."
2,292,metaphor_v2,9,0.2450850186463483,"Metaphors include 'the feeling you have that things are made out of some palpable substance is a confusion', where feelings of substance are metaphorically described as expressions of field interactions.",what are fields made of ?,"first of all, it is currently a philosophical question whether the fields are ""real"" or whether they are merely a mathematical model (and to some the distinction itself has no meaning). second of all, asking ""what are they made of?"" is to present a [false dilemma](_url_0_). would you still ask the question if the field was made out of atoms? but then what are atoms made of (and so on)? ultimately the feeling you have that things are made out of some palpable ""substance"" and that there is a distinction between that ""substance"" and abstract mathematical relationships, is a confusion. feelings of ""substance"" are nothing more than an expression of the fact that fields attract and repel one another. do these fields actually exist? obviously in some sense they do! but it is a philosophical question whether they are merely an effective mathematical description of something else, or if our description is in some sense a ""true"" representative of reality. as for your last question, different fields have different properties. there are scalar fields (like temperature -- it has a single value at each point in space), there are vector fields (like the wind -- it has a direction at each point in space), there are tensor fields (gravitational, electromagnetic). imagining, say, a trampoline, fields can have different tension. they can couple to other fields (or themselves) to greater or less extent (put one trampoline next to another -- does the one vibrating cause the other to vibrate?), and so on. one of the big differences between the electromagnetic field and the chromodynamic field (associated with the ""color"" charge carried by quarks and gluons) is that the latter is strongly self-interacting. it is so strongly self-interacting that you cannot even separate two quarks from each other; you always find quarks bound into hadrons (like the proton or neutron)."
2,292,metaphor_v2,10,0.2942149721629888,The text lacks any clear metaphor as defined; it presents philosophical debate and literal descriptions instead.,what are fields made of ?,"first of all, it is currently a philosophical question whether the fields are ""real"" or whether they are merely a mathematical model (and to some the distinction itself has no meaning). second of all, asking ""what are they made of?"" is to present a [false dilemma](_url_0_). would you still ask the question if the field was made out of atoms? but then what are atoms made of (and so on)? ultimately the feeling you have that things are made out of some palpable ""substance"" and that there is a distinction between that ""substance"" and abstract mathematical relationships, is a confusion. feelings of ""substance"" are nothing more than an expression of the fact that fields attract and repel one another. do these fields actually exist? obviously in some sense they do! but it is a philosophical question whether they are merely an effective mathematical description of something else, or if our description is in some sense a ""true"" representative of reality. as for your last question, different fields have different properties. there are scalar fields (like temperature -- it has a single value at each point in space), there are vector fields (like the wind -- it has a direction at each point in space), there are tensor fields (gravitational, electromagnetic). imagining, say, a trampoline, fields can have different tension. they can couple to other fields (or themselves) to greater or less extent (put one trampoline next to another -- does the one vibrating cause the other to vibrate?), and so on. one of the big differences between the electromagnetic field and the chromodynamic field (associated with the ""color"" charge carried by quarks and gluons) is that the latter is strongly self-interacting. it is so strongly self-interacting that you cannot even separate two quarks from each other; you always find quarks bound into hadrons (like the proton or neutron)."
1,402,metaphor_v2,1,0.5,No metaphors are present. The text uses similes ('like many mammals') and literal descriptions.,why do cats like to knock things off of count tops and tables?,"cats, like many mammals, are incredibly intelligent, social creatures who engage in play behavior and are good at detecting patterns. what may have started as an innocuous play behavior (batting around an object) escalates into an attention-seeking behavior if and when the cat notices you react strongly to it. there is no evolutionary reason in the sense that ""cats who knock things off tables are more likely to breed"" or anything. rather, cats evolved to be smart, and smart enough to figure out how to play dirty mind tricks on humans."
1,402,metaphor_v2,2,0.3775406758018018,"The text contains similes and literal descriptions, but no clear metaphors as defined in the steps.",why do cats like to knock things off of count tops and tables?,"cats, like many mammals, are incredibly intelligent, social creatures who engage in play behavior and are good at detecting patterns. what may have started as an innocuous play behavior (batting around an object) escalates into an attention-seeking behavior if and when the cat notices you react strongly to it. there is no evolutionary reason in the sense that ""cats who knock things off tables are more likely to breed"" or anything. rather, cats evolved to be smart, and smart enough to figure out how to play dirty mind tricks on humans."
1,402,metaphor_v2,3,0.320821300824607,The text uses the metaphor 'play dirty mind tricks' to describe cat behavior.,why do cats like to knock things off of count tops and tables?,"cats, like many mammals, are incredibly intelligent, social creatures who engage in play behavior and are good at detecting patterns. what may have started as an innocuous play behavior (batting around an object) escalates into an attention-seeking behavior if and when the cat notices you react strongly to it. there is no evolutionary reason in the sense that ""cats who knock things off tables are more likely to breed"" or anything. rather, cats evolved to be smart, and smart enough to figure out how to play dirty mind tricks on humans."
1,402,metaphor_v2,4,0.4687906266262437,The text uses a simile and no metaphors; 'cats who knock things off tables' and 'play dirty mind tricks' are not figurative.,why do cats like to knock things off of count tops and tables?,"cats, like many mammals, are incredibly intelligent, social creatures who engage in play behavior and are good at detecting patterns. what may have started as an innocuous play behavior (batting around an object) escalates into an attention-seeking behavior if and when the cat notices you react strongly to it. there is no evolutionary reason in the sense that ""cats who knock things off tables are more likely to breed"" or anything. rather, cats evolved to be smart, and smart enough to figure out how to play dirty mind tricks on humans."
1,402,metaphor_v2,5,0.4073334000459302,"The text contains a simile with 'like' and a literal description of behaviors, not metaphors.",why do cats like to knock things off of count tops and tables?,"cats, like many mammals, are incredibly intelligent, social creatures who engage in play behavior and are good at detecting patterns. what may have started as an innocuous play behavior (batting around an object) escalates into an attention-seeking behavior if and when the cat notices you react strongly to it. there is no evolutionary reason in the sense that ""cats who knock things off tables are more likely to breed"" or anything. rather, cats evolved to be smart, and smart enough to figure out how to play dirty mind tricks on humans."
1,402,metaphor_v2,6,0.4378234991142019,The phrase 'smart enough to figure out how to play dirty mind tricks on humans' personifies cats with human-like cunning.,why do cats like to knock things off of count tops and tables?,"cats, like many mammals, are incredibly intelligent, social creatures who engage in play behavior and are good at detecting patterns. what may have started as an innocuous play behavior (batting around an object) escalates into an attention-seeking behavior if and when the cat notices you react strongly to it. there is no evolutionary reason in the sense that ""cats who knock things off tables are more likely to breed"" or anything. rather, cats evolved to be smart, and smart enough to figure out how to play dirty mind tricks on humans."
1,402,metaphor_v2,7,0.348645142101806,"Actual Output includes 'cats evolved to be smart, and smart enough to figure out how to play dirty mind tricks on humans,' which personifies cats by implying they intentionally play tricks on humans.",why do cats like to knock things off of count tops and tables?,"cats, like many mammals, are incredibly intelligent, social creatures who engage in play behavior and are good at detecting patterns. what may have started as an innocuous play behavior (batting around an object) escalates into an attention-seeking behavior if and when the cat notices you react strongly to it. there is no evolutionary reason in the sense that ""cats who knock things off tables are more likely to breed"" or anything. rather, cats evolved to be smart, and smart enough to figure out how to play dirty mind tricks on humans."
1,402,metaphor_v2,8,0.3775406758018018,"The phrase 'cats evolved to be smart, and smart enough to figure out how to play dirty mind tricks on humans' uses personification to attribute human-like cunning to cats.",why do cats like to knock things off of count tops and tables?,"cats, like many mammals, are incredibly intelligent, social creatures who engage in play behavior and are good at detecting patterns. what may have started as an innocuous play behavior (batting around an object) escalates into an attention-seeking behavior if and when the cat notices you react strongly to it. there is no evolutionary reason in the sense that ""cats who knock things off tables are more likely to breed"" or anything. rather, cats evolved to be smart, and smart enough to figure out how to play dirty mind tricks on humans."
1,402,metaphor_v2,9,0.4073334000459302,The output does not contain any clear metaphors as defined in the evaluation steps; it uses literal and simile descriptions instead.,why do cats like to knock things off of count tops and tables?,"cats, like many mammals, are incredibly intelligent, social creatures who engage in play behavior and are good at detecting patterns. what may have started as an innocuous play behavior (batting around an object) escalates into an attention-seeking behavior if and when the cat notices you react strongly to it. there is no evolutionary reason in the sense that ""cats who knock things off tables are more likely to breed"" or anything. rather, cats evolved to be smart, and smart enough to figure out how to play dirty mind tricks on humans."
1,402,metaphor_v2,10,0.4378234991142018,"The metaphor 'cats evolved to be smart, and smart enough to figure out how to play dirty mind tricks on humans' is present, where 'playing dirty mind tricks' is a personification of cat behavior.",why do cats like to knock things off of count tops and tables?,"cats, like many mammals, are incredibly intelligent, social creatures who engage in play behavior and are good at detecting patterns. what may have started as an innocuous play behavior (batting around an object) escalates into an attention-seeking behavior if and when the cat notices you react strongly to it. there is no evolutionary reason in the sense that ""cats who knock things off tables are more likely to breed"" or anything. rather, cats evolved to be smart, and smart enough to figure out how to play dirty mind tricks on humans."
2,402,metaphor_v2,1,0.3775406758018019,No metaphors are present; references like 'play dirty mind tricks on humans' suggest intelligence but lack direct metaphor usage.,why do cats like to knock things off of count tops and tables?,"cats, like many mammals, are incredibly intelligent, social creatures who engage in play behavior and are good at detecting patterns. what may have started as an innocuous play behavior (batting around an object) escalates into an attention-seeking behavior if and when the cat notices you react strongly to it. there is no evolutionary reason in the sense that ""cats who knock things off tables are more likely to breed"" or anything. rather, cats evolved to be smart, and smart enough to figure out how to play dirty mind tricks on humans."
2,402,metaphor_v2,2,0.6224593241981982,"The text uses metaphor by saying cats play 'dirty mind tricks' on humans, attributing a strategic and deceptive quality to them.",why do cats like to knock things off of count tops and tables?,"cats, like many mammals, are incredibly intelligent, social creatures who engage in play behavior and are good at detecting patterns. what may have started as an innocuous play behavior (batting around an object) escalates into an attention-seeking behavior if and when the cat notices you react strongly to it. there is no evolutionary reason in the sense that ""cats who knock things off tables are more likely to breed"" or anything. rather, cats evolved to be smart, and smart enough to figure out how to play dirty mind tricks on humans."
2,402,metaphor_v2,3,0.6224593312018546,"The statement 'cats evolved to be smart, and smart enough to figure out how to play dirty mind tricks on humans' is a metaphor using figurative language to describe cats with human-like cunning.",why do cats like to knock things off of count tops and tables?,"cats, like many mammals, are incredibly intelligent, social creatures who engage in play behavior and are good at detecting patterns. what may have started as an innocuous play behavior (batting around an object) escalates into an attention-seeking behavior if and when the cat notices you react strongly to it. there is no evolutionary reason in the sense that ""cats who knock things off tables are more likely to breed"" or anything. rather, cats evolved to be smart, and smart enough to figure out how to play dirty mind tricks on humans."
2,402,metaphor_v2,4,0.4378234991142019,The output uses 'like' for comparisons and doesn't feature a metaphor as defined.,why do cats like to knock things off of count tops and tables?,"cats, like many mammals, are incredibly intelligent, social creatures who engage in play behavior and are good at detecting patterns. what may have started as an innocuous play behavior (batting around an object) escalates into an attention-seeking behavior if and when the cat notices you react strongly to it. there is no evolutionary reason in the sense that ""cats who knock things off tables are more likely to breed"" or anything. rather, cats evolved to be smart, and smart enough to figure out how to play dirty mind tricks on humans."
2,402,metaphor_v2,5,0.4378234991142019,No metaphor is present; the text uses literal descriptions and a simile with 'like'.,why do cats like to knock things off of count tops and tables?,"cats, like many mammals, are incredibly intelligent, social creatures who engage in play behavior and are good at detecting patterns. what may have started as an innocuous play behavior (batting around an object) escalates into an attention-seeking behavior if and when the cat notices you react strongly to it. there is no evolutionary reason in the sense that ""cats who knock things off tables are more likely to breed"" or anything. rather, cats evolved to be smart, and smart enough to figure out how to play dirty mind tricks on humans."
2,402,metaphor_v2,6,0.5621765008857981,"The phrase 'play dirty mind tricks on humans' uses metaphorical language by attributing deceptive, intentional behavior to cats, resembling personification.",why do cats like to knock things off of count tops and tables?,"cats, like many mammals, are incredibly intelligent, social creatures who engage in play behavior and are good at detecting patterns. what may have started as an innocuous play behavior (batting around an object) escalates into an attention-seeking behavior if and when the cat notices you react strongly to it. there is no evolutionary reason in the sense that ""cats who knock things off tables are more likely to breed"" or anything. rather, cats evolved to be smart, and smart enough to figure out how to play dirty mind tricks on humans."
2,402,metaphor_v2,7,0.5621765008857981,There are no clear metaphors in the output; language is literal or uses similes.,why do cats like to knock things off of count tops and tables?,"cats, like many mammals, are incredibly intelligent, social creatures who engage in play behavior and are good at detecting patterns. what may have started as an innocuous play behavior (batting around an object) escalates into an attention-seeking behavior if and when the cat notices you react strongly to it. there is no evolutionary reason in the sense that ""cats who knock things off tables are more likely to breed"" or anything. rather, cats evolved to be smart, and smart enough to figure out how to play dirty mind tricks on humans."
2,402,metaphor_v2,8,0.5926665999540697,"The phrase 'play dirty mind tricks on humans' applies human-like behavior to cats, fulfilling criteria for personification.",why do cats like to knock things off of count tops and tables?,"cats, like many mammals, are incredibly intelligent, social creatures who engage in play behavior and are good at detecting patterns. what may have started as an innocuous play behavior (batting around an object) escalates into an attention-seeking behavior if and when the cat notices you react strongly to it. there is no evolutionary reason in the sense that ""cats who knock things off tables are more likely to breed"" or anything. rather, cats evolved to be smart, and smart enough to figure out how to play dirty mind tricks on humans."
2,402,metaphor_v2,9,0.437823499114202,"The phrase 'cats evolved to be smart enough to figure out how to play dirty mind tricks on humans' personifies cats with the intent of deception, which is a form of metaphor.",why do cats like to knock things off of count tops and tables?,"cats, like many mammals, are incredibly intelligent, social creatures who engage in play behavior and are good at detecting patterns. what may have started as an innocuous play behavior (batting around an object) escalates into an attention-seeking behavior if and when the cat notices you react strongly to it. there is no evolutionary reason in the sense that ""cats who knock things off tables are more likely to breed"" or anything. rather, cats evolved to be smart, and smart enough to figure out how to play dirty mind tricks on humans."
2,402,metaphor_v2,10,0.5,"The content contains similes ('like many mammals') and a literal explanation of behavior, without the use of metaphors.",why do cats like to knock things off of count tops and tables?,"cats, like many mammals, are incredibly intelligent, social creatures who engage in play behavior and are good at detecting patterns. what may have started as an innocuous play behavior (batting around an object) escalates into an attention-seeking behavior if and when the cat notices you react strongly to it. there is no evolutionary reason in the sense that ""cats who knock things off tables are more likely to breed"" or anything. rather, cats evolved to be smart, and smart enough to figure out how to play dirty mind tricks on humans."
