Index,original_question,original_answer,formatted_question,formatted_answer,reddit_url,match_score,humor_v2_score,metaphor_v2_score,analogy_v2_score,connection_to_everyday_life_v2_score,scaffolding_score
1301,is it possible to destroy prions?,"prions are proteins that are infectious via their affect on normal proteins (ie making more prion). sterilization of prions therefore requires denaturing their protein structure to a state where the prion is no longer able to induce abnormal protein folding. the size and structure of prions make them resistant to proteases, heat, radiation and fixative (ie formaldehyde) treatments. to destroy prions you need to use agent that will hydrolyze its peptide bonds and destroy it's tertiary structure. the problem is that if you don't totally denature the prions they can actually fold back into confirmation and renature. it's really like zombie-proteins, you need to go for the head-shot, and remember to double tap or they will reanimate and keep converting other proteins... on a small scale we can destroy prions on places like surgical instruments by prolonged immersion in strong sodium hydroxide or bleach, followed by high temperature autoclaving. however this is not even always true. in 1935 there were some 18000 sheep infected with scrapie-infected vaccines. the scrapie prions had survived both week long formaldehyde treatment and autoclaving... this anecdotal story has since been confirmed experimentally. also some places are much more difficult to effectively sterilize than surgical instruments. for example field where animals with prion infections once grazed cannot be autoclaved, and there are certainly issues with soaking an entire pasture in bleach... fields such as these have been left for over 40 years. when cows return to the field, sure enough, they can become stricken with the disease (though the same can be said for many viral and bacterial agents). one sure fire way to destroy prions is incineration. you simply burn the proteins, breaking all the peptide bonds, and pretty much turn them into carbon. ozone treatment is another possible method, but it's still being tested.",is it possible to destroy prions?,"prions are proteins that are infectious via their affect on normal proteins (ie making more prion). sterilization of prions therefore requires denaturing their protein structure to a state where the prion is no longer able to induce abnormal protein folding. the size and structure of prions make them resistant to proteases, heat, radiation and fixative (ie formaldehyde) treatments. to destroy prions you need to use agent that will hydrolyze its peptide bonds and destroy it's tertiary structure. the problem is that if you don't totally denature the prions they can actually fold back into confirmation and renature. it's really like zombie-proteins, you need to go for the head-shot, and remember to double tap or they will reanimate and keep converting other proteins... on a small scale we can destroy prions on places like surgical instruments by prolonged immersion in strong sodium hydroxide or bleach, followed by high temperature autoclaving. however this is not even always true. in 1935 there were some 18000 sheep infected with scrapie-infected vaccines. the scrapie prions had survived both week long formaldehyde treatment and autoclaving... this anecdotal story has since been confirmed experimentally. also some places are much more difficult to effectively sterilize than surgical instruments. for example field where animals with prion infections once grazed cannot be autoclaved, and there are certainly issues with soaking an entire pasture in bleach... fields such as these have been left for over 40 years. when cows return to the field, sure enough, they can become stricken with the disease (though the same can be said for many viral and bacterial agents). one sure fire way to destroy prions is incineration. you simply burn the proteins, breaking all the peptide bonds, and pretty much turn them into carbon. ozone treatment is another possible method, but it's still being tested.",,0.0,0.9999999999999998,1.0,0.9706877690896502,0.914900952092573,0.0
1404,"there is a lot of uproar against mansato, but what evidence exists about the dangers of gm foods?","two things are getting confused here. criticisms of monsanto and criticisms of genetically modified foods i personally have no problem whatsoever with genetically modified foods. but there is a big problem with monsanto. it isn't really proper discussion for askscience, because it is related to their business practices and not to their science. a lot of people will attack genetically modified foods on the grounds that monsonto is such an asshole company. if they do, we should remind them that genetic modification is just a tool, no different than a hammer, and it can be used to build something or to cave someone's head in.","There is a lot of uproar against Mansato, but what evidence exists about the dangers of GM foods?","Two things are getting confused here.

Criticisms of Monsanto

and

Criticisms of genetically modified foods

I personally have no problem whatsoever with genetically modified foods.  But there is a big problem with monsanto.  It isn't really proper discussion for askscience, because it is related to their business practices and not to their science.

A lot of people will attack genetically modified foods on the grounds that Monsonto is such an asshole company.  If they do, we should remind them that genetic modification is just a tool, no different than a hammer, and it can be used to build something or to cave someone's head in.",https://reddit.com/r/askscience/comments/s87py/there_is_a_lot_of_uproar_against_mansato_but_what/,1.0,0.0,0.5312093733737563,0.9149009515124916,1.0,0.0
868,"on a sub atomic level, what do electrons do in a circuit?","what do electrons *do*? they have a negative charge, and they move around. that's it, really. the whole process is pretty well understood, and is about five undergrad courses worth of material, so here's a 10,000-foot overview. almost every atom has an electron cloud -- a collection of electrons trapped in its orbitals. the number of orbitals available varies for each element, and usually it takes a lot of energy for the electrons to escape. in metals, the outer layers aren't attached as strongly, and individual electrons can move from one atom to another. in aggregate, this looks like a ""sea"" of mobile electrons. like a river, this electron sea can have currents. a river current is caused by *gravitational* potential difference -- one end of the river is lower than the other. an electrical current is caused by *electrical* potential difference -- one end of the wire has higher voltage than the other. since a free electron carries a negative charge, it's attracted to the higher potential. an electrical *circuit* is a continuous path through this electron sea, from a lower voltage to a higher voltage. for example, from the negative to positive terminals of a battery. creating a circuit allows the electrons to flow, and they release energy in the process, like a pebble rolling down a hill. edit: while i was writing this, /u/mvaliente2001 provided an excellent explanation. i already had this written, though, so here it is!","On a sub atomic level, what do electrons do in a circuit?","What do electrons *do*? They have a negative charge, and they move around. That's it, really. The whole process is pretty well understood, and is about five undergrad courses worth of material, so here's a 10,000-foot overview.

Almost every atom has an electron cloud -- a collection of electrons trapped in its orbitals. The number of orbitals available varies for each element, and usually it takes a lot of energy for the electrons to escape. In metals, the outer layers aren't attached as strongly, and individual electrons can move from one atom to another. In aggregate, this looks like a ""sea"" of mobile electrons.

Like a river, this electron sea can have currents. A river current is caused by *gravitational* potential difference -- one end of the river is lower than the other. An electrical current is caused by *electrical* potential difference -- one end of the wire has higher voltage than the other. Since a free electron carries a negative charge, it's attracted to the higher potential.

An electrical *circuit* is a continuous path through this electron sea, from a lower voltage to a higher voltage. For example, from the negative to positive terminals of a battery. Creating a circuit allows the electrons to flow, and they release energy in the process, like a pebble rolling down a hill.

Edit: While I was writing this, /u/mvaliente2001 provided an excellent explanation. I already had this written, though, so here it is!",https://reddit.com/r/askscience/comments/3kzhtp/on_a_sub_atomic_level_what_do_electrons_do_in_a/,1.0,0.0,1.0,1.0,0.0,0.7772998663336157
984,why don't emails arrive immediately like instant messages? where does the email go in the time between being sent and being received?,"1. you hit send. your ""client"" (phone app, outlook, web app, whatever) connects to an email _server_. prior to this your client was just sitting there letting you write the mail. 2. the mail is now sent to _your_ server. like dropping a letter at the post office box. the server now checks to see where it's going, looks up his way to get there and connects to the other server (the recipient's mail server). 3. assuming that's all good (it can reach that server), the recipient's server says ""ok...i will take that."" if something is wrong, it gets denied and either goes into a black hole or informs you or someone else of the problem depending on configuration. 4. the recipient's server now applies a bunch of checks (spam and virus filtering) then any rules that the server has to apply then any rules the recipient wants applied. 5. finally this drops the message wherever it actually belongs which will usually be where you sent it. 6. here it sits until a client (phone, outlook, whatever) asks the post office ""got anything for me?"" in the case of im, you are directly connected to a service which is routing the information between users in ""real time"" because you have both agreed to use the same service to do so, skipping all those other bits.",Why don't emails arrive immediately like Instant Messages? Where does the email go in the time between being sent and being received?,"1. You hit send. Your ""client"" (phone app, Outlook, web app, whatever) connects to an email _server_. Prior to this your client was just sitting there letting you write the mail.

2. The mail is now sent to _your_ server. Like dropping a letter at the post office box. The server now checks to see where it's going, looks up his way to get there and connects to the other server (the recipient's mail server).

3. Assuming that's all good (it can reach that server), the recipient's server says ""ok...I will take that."" If something is wrong, it gets denied and either goes into a black hole or informs you or someone else of the problem depending on configuration.

4. The recipient's server now applies a bunch of checks (SPAM and virus filtering) then any rules that the server has to apply then any rules the recipient wants applied.

5. Finally this drops the message wherever it actually belongs which will usually be where you sent it.

6. Here it sits until a client (phone, Outlook, whatever) asks the post office ""got anything for me?""


In the case of IM, you are directly connected to a service which is routing the information between users in ""real time"" because you have both agreed to use the same service to do so, skipping all those other bits.",https://reddit.com/r/askscience/comments/7oy9py/why_dont_emails_arrive_immediately_like_instant/,1.0,0.0,0.7549149868676284,0.9859363760560113,0.0,0.9875683464712708
1151,"i saw a video of someone breathing in a rag of chloroform and getting instantly knocked out. i don’t think that’s real, but it made me curious. how does chloroform work? and what exactly does it do?","using chloroform to knock someone out in a matter of seconds is entirely fiction. chloroform is basically an anesthetic--but one that is no longer used due to the fact that it can seriously damage your liver and heart. even with perfect dosing, it would take at least 5 minutes of breathing it to knock someone unconscious. there are two parts to explaining how it works: 1) chloroform is a volatile liquid that is very lipid soluble. this means that it wants to evaporate into a gas very quickly (and thus you inhale it). it's also lipid-soluble, which means it likes to dissolve in fats. ever try and add water and oil together? they don't mix. but if you try and mix different oils together, they mix quite well. your brain's structure has a very high concentration of fats and thus chloroform likes to dissolve there better than most other places in your body. 2) when in the brain, it activates something called a gaba receptor. these receptors are basically off-switches for neurons. when chloroform attaches to a gaba receptor, you can think of it as turning off a light switch. when enough light switches get turned off in the right areas of the brain--boom-- lights out.","I saw a video of someone breathing in a rag of chloroform and getting instantly knocked out. I don’t think that’s real, but it made me curious. How does chloroform work? And what exactly does it do?","Using chloroform to knock someone out in a matter of seconds is entirely fiction.

Chloroform is basically an anesthetic--but one that is no longer used due to the fact that it can seriously damage your liver and heart. Even with perfect dosing, it would take at least 5 minutes of breathing it to knock someone unconscious. 

There are two parts to explaining how it works:
1) Chloroform is a volatile liquid that is very lipid soluble. This means that it wants to evaporate into a gas very quickly (and thus you inhale it). It's also lipid-soluble, which means it likes to dissolve in fats. Ever try and add water and oil together? They don't mix. But if you try and mix different oils together, they mix quite well. Your brain's structure has a very high concentration of fats and thus chloroform likes to dissolve there better than most other places in your body.

2) When in the brain, it activates something called a GABA receptor. These receptors are basically off-switches for neurons. When chloroform attaches to a GABA receptor, you can think of it as turning off a light switch. When enough light switches get turned off in the right areas of the brain--boom-- lights out. ",https://reddit.com/r/askscience/comments/a64rs8/i_saw_a_video_of_someone_breathing_in_a_rag_of/,1.0,0.0,0.9770226288355156,0.817574478416099,0.0,0.5621765008857982
1205,how was it discovered that metals in space would stick together?,"we knew that this process, called [cold welding](_url_0_), was possible well before going into space. even though this process may seem exotic, it follows from pretty basic physical considerations. the basic idea of this effect is technique is that just like you can break a crystal into two pieces, you can also put the pieces back together. it's a bit like taking apart a jigsaw puzzle and then putting it back together. because the pieces can fit back together, they can simply snap in place when you put them in the right orientation. when you put the crystal back together, the electrons won't ""know"" that they should belong to different pieces as feynman once famously put it. in effect you are creating metallic bonds across both pieces and it's as though the crystal was never broken apart in the first place. you might get a better sense for what happens by looking at how this process occurs under an electron microscope, [as shown in this clip](_url_1_). here researchers took two gold nanowires and brought them close to one another. because both pieces had the same orientation of their crystalline network (called the lattice), at one point the two pieces fell into place. as a result, the new piece acts like a pristine piece of metal. in fact, you can break this piece apart and put it back together with no meaningful loss in its electrical conduction or other properties, as described in [this paper](_url_2_) from which i took this clip.",how was it discovered that metals in space would stick together?,"we knew that this process, called [cold welding](_url_0_), was possible well before going into space. even though this process may seem exotic, it follows from pretty basic physical considerations. the basic idea of this effect is technique is that just like you can break a crystal into two pieces, you can also put the pieces back together. it's a bit like taking apart a jigsaw puzzle and then putting it back together. because the pieces can fit back together, they can simply snap in place when you put them in the right orientation. when you put the crystal back together, the electrons won't ""know"" that they should belong to different pieces as feynman once famously put it. in effect you are creating metallic bonds across both pieces and it's as though the crystal was never broken apart in the first place. you might get a better sense for what happens by looking at how this process occurs under an electron microscope, [as shown in this clip](_url_1_). here researchers took two gold nanowires and brought them close to one another. because both pieces had the same orientation of their crystalline network (called the lattice), at one point the two pieces fell into place. as a result, the new piece acts like a pristine piece of metal. in fact, you can break this piece apart and put it back together with no meaningful loss in its electrical conduction or other properties, as described in [this paper](_url_2_) from which i took this clip.",,0.0,0.0,0.2942149597859341,1.0,0.5621765008857982,0.9046505434556232
426,"what causes triboluminescence, where sparks appear when glass or hardened sugar for example is shattered?","all of this is from [here](_url_0_) triboluminescence is light produced while striking or rubbing two pieces of a special material together. it is basically light from friction, as the term comes from the greek tribein, meaning ""to rub,"" and the latin prefix lumin, meaning ""light"". in general, luminescence occurs when energy is input into atoms from heat, friction, electricity, or other sources. the electrons in the atom absorb this energy. when the electrons return to their usual state, the energy is released in the form of light. the spectrum of the light produced from the triboluminescence of sugar (sucrose) is the same as the spectrum of lightning. lightning originates from a flow of electrons passing through the air, exciting the electrons of nitrogen molecules (the primary component of air), which emit blue light as they release their energy. triboluminescence of sugar can be thought of as lightning on a very small scale. when a sugar crystal is stressed, the positive and negative charges in the crystal are separated, generating an electric potential. when enough charge has accumulated, the electrons jump across a fracture in the crystal, colliding with ​exciting electrons in the nitrogen molecules. most of the light emitted by the nitrogen in the air is ultraviolet, but a small fraction is in the visible region. to most people, the emission appears bluish-white, although some people discern a blue-green color (human color vision in the dark is not very good). the emission from wintergreen candy is much brighter than that of sucrose alone because wintergreen flavor (methyl salicylate) is fluorescent. methyl salicylate absorbs ultraviolet light in the same spectral region as the lightning emissions generated by the sugar. the methyl salicylate electrons become excited and emit blue light. much more of the wintergreen emission than the original sugar emission is in the visible region of the spectrum, so wintergreen light seems brighter than sucrose light.","What causes Triboluminescence, where sparks appear when glass or hardened sugar for example is shattered?","All of this is from [here](https://www.thoughtco.com/why-wintergreen-lifesavers-spark-in-the-dark-602179)

Triboluminescence is light produced while striking or rubbing two pieces of a special material together. It is basically light from friction, as the term comes from the Greek tribein, meaning ""to rub,"" and the Latin prefix lumin, meaning ""light"". In general, luminescence occurs when energy is input into atoms from heat, friction, electricity, or other sources. The electrons in the atom absorb this energy. When the electrons return to their usual state, the energy is released in the form of light.

The spectrum of the light produced from the triboluminescence of sugar (sucrose) is the same as the spectrum of lightning. Lightning originates from a flow of electrons passing through the air, exciting the electrons of nitrogen molecules (the primary component of air), which emit blue light as they release their energy. Triboluminescence of sugar can be thought of as lightning on a very small scale. When a sugar crystal is stressed, the positive and negative charges in the crystal are separated, generating an electric potential. When enough charge has accumulated, the electrons jump across a fracture in the crystal, colliding with ​exciting electrons in the nitrogen molecules. Most of the light emitted by the nitrogen in the air is ultraviolet, but a small fraction is in the visible region. To most people, the emission appears bluish-white, although some people discern a blue-green color (human color vision in the dark is not very good).

The emission from wintergreen candy is much brighter than that of sucrose alone because wintergreen flavor (methyl salicylate) is fluorescent. Methyl salicylate absorbs ultraviolet light in the same spectral region as the lightning emissions generated by the sugar. The methyl salicylate electrons become excited and emit blue light. Much more of the wintergreen emission than the original sugar emission is in the visible region of the spectrum, so wintergreen light seems brighter than sucrose light.
",https://reddit.com/r/askscience/comments/ajdgqw/what_causes_triboluminescence_where_sparks_appear/,0.9966216216216216,0.0,0.8519527963298946,0.9840936065679406,0.0,0.8519527982093666
1405,is the surface of a black hole perfectly flat or can it have geographical features like mountains?,"if our understanding of gravity is correct, black holes don't have a surface at all. the event horizon that people talk about is not a physical barrier, it's a mathematical point of no return. in the current understanding of gravity (though alternate theories exist) the mass of the black hole is concentrated into a single point with no volume, and consequently no surface, called the singularity. regardless of the theory, certainly there is no longer any atomic structure at all, and it doesn't really make sense any more to talk about elements or composition. the event horizon *is* a perfect sphere. if the black hole is spinning, there's a second mathematical border called the **ergosphere**, which is shaped more like an m & m than a sphere. this region is where the black hole spin is dragging space itself along for the ride, and it's actually [possible to extract energy from the black hole's spin](_url_1_). that is, you could throw a baseball through the ergosphere, and when it came back to you it would be moving even faster than you threw it. the most compact objects with surfaces that we know about are neutron stars, which have envelopes and crusts of atomic species where the pressure is less, but which break down into a material that is even denser than the nucleus of an atom. atoms certainly are not the structure of material deep inside of neutron stars. since neutron stars are the densest objects we know of with surfaces, we can answer your question in regards to them instead of black holes. the outer crust of a neutron star can have small ""mountains"" on it, and a quick back-of-the-envelope calculation shows that they can't be reasonably be larger than ~1 cm because the gravity is so strong that it will pull down anything higher than that (similar to how there's a maximum height for mountains on earth or mars or any other planet based on the strength of gravity at the surface). as the neutron star spins, these ""mountains"" create an asymmetric moment of inertia and should emit gravitational waves. instruments like [ligo](_url_0_) are currently trying to detect these gravitational waves (in addition to much louder-but-shorter ones like merging neutron stars).",Is the surface of a black hole perfectly flat or can it have geographical features like mountains?,"If our understanding of gravity is correct, black holes don't have a surface at all. The event horizon that people talk about is not a physical barrier, it's a mathematical point of no return. In the current understanding of gravity (though alternate theories exist) the mass of the black hole is concentrated into a single point with no volume, and consequently no surface, called the singularity. Regardless of the theory, certainly there is no longer any atomic structure at all, and it doesn't really make sense any more to talk about elements or composition. 

The event horizon *is* a perfect sphere. If the black hole is spinning, there's a second mathematical border called the **ergosphere**, which is shaped more like an M&M than a sphere. This region is where the black hole spin is dragging space itself along for the ride, and it's actually [possible to extract energy from the black hole's spin](https://en.wikipedia.org/wiki/Penrose_process). That is, you could throw a baseball through the ergosphere, and when it came back to you it would be moving even faster than you threw it. 

The most compact objects with surfaces that we know about are neutron stars, which have envelopes and crusts of atomic species where the pressure is less, but which break down into a material that is even denser than the nucleus of an atom. Atoms certainly are not the structure of material deep inside of neutron stars.

Since neutron stars are the densest objects we know of with surfaces, we can answer your question in regards to them instead of black holes. The outer crust of a neutron star can have small ""mountains"" on it, and a quick back-of-the-envelope calculation shows that they can't be reasonably be larger than ~1 cm because the gravity is so strong that it will pull down anything higher than that (similar to how there's a maximum height for mountains on Earth or Mars or any other planet based on the strength of gravity at the surface). As the neutron star spins, these ""mountains"" create an asymmetric moment of inertia and should emit gravitational waves. Instruments like [LIGO](http://www.ligo.caltech.edu) are currently trying to detect these gravitational waves (in addition to much louder-but-shorter ones like merging neutron stars). ",https://reddit.com/r/askscience/comments/3a8m0r/is_the_surface_of_a_black_hole_perfectly_flat_or/,0.9639175257731959,0.0,0.9820137868137716,0.9706877670227324,0.9579122716338108,0.0
875,"if you stood near an exploding nuclear bomb, could you even perceive it before you were totally disintegrated?","[rope trick effect](_url_3_) this shows pictures taken less than 1 millisecond after the blast, with a 20 meters (65 feet). the bomb in the photo describing rope tricks is of operation tumbler-snapper, in which all of the tower bombs were moored upon 300 ft towers [source - page 25 pdf warning](_url_4_ [speed of pain](_url_2_) the speed of pain is about 10 ft per second. [the area of the brain responsible for pain](_url_0_) is the [anterior cingulate gyrus](_url_1_), in the middle of the head. figuring time to disintegration is just a matter of calculation then. let's figure then that the closest part of the body to the pain center in the brain is the skin of the back of the head. we can suggest maybe 2 inches from the anterior cingulate gyrus 1/120 = x/2 = 0.017 seconds = 17 milliseconds it takes pain signals 17 milliseconds to travel 2 inches i'll round the 65 foot diameter blast wave at less than a millisecond to 1 millisecond for easy calculation 1/32.5 = 17/x = 552.5 ft so, if you are less than 552.5 ft from the blast, you will probably be atomized before you feel the pain from it. as far as sight, obviously with c being 983,571,056 ft per second, you would think that you would see the blast regardless of your imminent death. however, the ""frame rate"" of the eye is often considered to be around 30 frames per second, so you figure the fastest you can perceive something would be 30/1= 0.033 or 33 milliseconds after stimulus, much slower than pain. sound is super slow. i don't know the speed of taste or smell, but i bet it is really slow as well. in the unlikely event that i am present for a nuclear blast of any type, i hope it tastes and smells like bacon.","If you stood near an exploding nuclear bomb, could you even perceive it before you were totally disintegrated?","[Rope Trick Effect](http://en.wikipedia.org/wiki/Rope_trick_effect)

This shows pictures taken less than 1 millisecond after the blast, with a 20 meters (65 feet).  

The bomb in the photo describing rope tricks is of Operation Tumbler-Snapper, in which all of the tower bombs were moored upon 300 ft towers
[Source - Page 25 pdf warning](http://docs.nrdc.org/nuclear/nuc_02019401a_121.pdf

[Speed of Pain](http://www.painstudy.com/NonDrugRemedies/Pain/index.htm#1) The speed of pain is about 10 ft per second.  

[The area of the brain responsible for pain](http://en.wikipedia.org/wiki/Sense#Pain) is the [anterior cingulate gyrus](http://en.wikipedia.org/wiki/Anterior_cingulate_gyrus), in the middle of the head.


Figuring time to disintegration is just a matter of calculation then.  

Let's figure then that the closest part of the body to the pain center in the brain is the skin of the back of the head.  We can suggest maybe 2 inches from the anterior cingulate gyrus

1/120 = x/2   = 0.017 seconds = 17 milliseconds

It takes pain signals 17 milliseconds to travel 2 inches

I'll round the 65 foot diameter blast wave at less than a millisecond to 1 millisecond for easy calculation  

1/32.5 = 17/x =  552.5 ft

So, if you are less than 552.5 ft from the blast, you will probably be atomized before you feel the pain from it.

As far as sight, obviously with C being 983,571,056 ft per second, you would think that you would see the blast regardless of your imminent death.  However, the ""Frame Rate"" of the eye is often considered to be around 30 frames per second, so you figure the fastest you can perceive something would be 30/1= 0.033 or 33 milliseconds after stimulus, much slower than pain.

Sound is super slow.

I don't know the speed of taste or smell, but I bet it is really slow as well.

In the unlikely event that I am present for a nuclear blast of any type, I hope it tastes and smells like bacon.",https://reddit.com/r/askscience/comments/lyv6h/if_you_stood_near_an_exploding_nuclear_bomb_could/,0.9736842105263157,0.7772998560157663,0.5312093733737562,0.0,1.0,0.0
1282,what exactly is time?,"the best explanation i ever got of time was from brian greene's [elegant universe](_url_0_). where he describes space and time as being two sides of a triangle and the speed of light being the hypotenuse. in it he says, ""..most of an object's motion is through time, not space."" so you can think that right now you are moving through time near the speed of light because your motion through space is very little. so now picture a triangle with one very long side and one very short side (the long side being your motion through time and the short being your motion though space). as you increase your motion through space, you will decrease your motion through time because the long side of the triangle (motion through time) will get shorter as the small side (motion through space) gets longer. this also helps show how special relativity truly works. you can now imagine increasing your motion through space to it's max. as you do this your motion through time get infinitely smaller. however you can never completely get rid of your motion through time because, as we all know from pythagoras, the hypotenuse has to be the longest length here. and remember our hypotenuse is the motion of light (which is fixed because it is a right triangle). so you will never be able to get your motion through space or time equal to that of the speed of light and as we know from special relativity when your motion through space approaches the speed of light, ""stuff gets weird"". so i don't know if that's the answer you were looking for but i found it very interesting and i would definitely recommend reading the book because the analogies are amazing.",what exactly is time?,"the best explanation i ever got of time was from brian greene's [elegant universe](_url_0_). where he describes space and time as being two sides of a triangle and the speed of light being the hypotenuse. in it he says, ""..most of an object's motion is through time, not space."" so you can think that right now you are moving through time near the speed of light because your motion through space is very little. so now picture a triangle with one very long side and one very short side (the long side being your motion through time and the short being your motion though space). as you increase your motion through space, you will decrease your motion through time because the long side of the triangle (motion through time) will get shorter as the small side (motion through space) gets longer. this also helps show how special relativity truly works. you can now imagine increasing your motion through space to it's max. as you do this your motion through time get infinitely smaller. however you can never completely get rid of your motion through time because, as we all know from pythagoras, the hypotenuse has to be the longest length here. and remember our hypotenuse is the motion of light (which is fixed because it is a right triangle). so you will never be able to get your motion through space or time equal to that of the speed of light and as we know from special relativity when your motion through space approaches the speed of light, ""stuff gets weird"". so i don't know if that's the answer you were looking for but i found it very interesting and i would definitely recommend reading the book because the analogies are amazing.",,0.0,0.0,0.1329642384799526,0.9324533083911026,1.0,0.924141817889503
1281,how are imaginary numbers useful in real life when they don’t even “exist”?,"real numbers don't even ""exist"", we just made them up. in fact, one of the most influential mathematicians of all time, diophantus of alexandria, would consider an equation like ""x+3=2"" to be ""absurd"", because there is no way to increase a value by 3 to get 2. the idea of negative numbers would be just as ""imaginary"" to him. it's good to get it out of your head that ""imaginary"" numbers are less real than numbers on the number line just because of the name. they're all made-up and imaginary. 3 is just as far-fetched as sqrt(-1). as for their use, ordinary number describe things in a line, complex numbers describe things on a plane. there are lots of planes, so it can be very useful to use them. in particular, for real number multiplication corresponds to scaling things up/down and negative real numbers flip things like in a mirror, but in the complex numbers multiplication corresponds to scaling and rotation. this is very convenient because a lot of things rotate. the prime example of this is is alternating current, which are typically modeled using complex numbers.",How are imaginary numbers useful in real life when they don’t even “exist”?,"Real numbers don't even ""exist"", we just made them up. In fact, one of the most influential mathematicians of all time, Diophantus of Alexandria, would consider an equation like ""x+3=2"" to be ""absurd"", because there is no way to increase a value by 3 to get 2. The idea of negative numbers would be just as ""imaginary"" to him. It's good to get it out of your head that ""imaginary"" numbers are less real than numbers on the number line just because of the name. They're all made-up and imaginary. 3 is just as far-fetched as sqrt(-1).

As for their use, ordinary number describe things in a line, complex numbers describe things on a plane. There are lots of planes, so it can be very useful to use them. In particular, for real number multiplication corresponds to scaling things up/down and negative real numbers flip things like in a mirror, but in the complex numbers multiplication corresponds to scaling and rotation. This is very convenient because a lot of things rotate. The prime example of this is is alternating current, which are typically modeled using complex numbers. ",https://reddit.com/r/askscience/comments/b2jsmc/how_are_imaginary_numbers_useful_in_real_life/,1.0,0.5312093733737563,0.7549149813536518,0.2227001439842335,1.0,0.0
292,what are fields made of ?,"first of all, it is currently a philosophical question whether the fields are ""real"" or whether they are merely a mathematical model (and to some the distinction itself has no meaning). second of all, asking ""what are they made of?"" is to present a [false dilemma](_url_0_). would you still ask the question if the field was made out of atoms? but then what are atoms made of (and so on)? ultimately the feeling you have that things are made out of some palpable ""substance"" and that there is a distinction between that ""substance"" and abstract mathematical relationships, is a confusion. feelings of ""substance"" are nothing more than an expression of the fact that fields attract and repel one another. do these fields actually exist? obviously in some sense they do! but it is a philosophical question whether they are merely an effective mathematical description of something else, or if our description is in some sense a ""true"" representative of reality. as for your last question, different fields have different properties. there are scalar fields (like temperature -- it has a single value at each point in space), there are vector fields (like the wind -- it has a direction at each point in space), there are tensor fields (gravitational, electromagnetic). imagining, say, a trampoline, fields can have different tension. they can couple to other fields (or themselves) to greater or less extent (put one trampoline next to another -- does the one vibrating cause the other to vibrate?), and so on. one of the big differences between the electromagnetic field and the chromodynamic field (associated with the ""color"" charge carried by quarks and gluons) is that the latter is strongly self-interacting. it is so strongly self-interacting that you cannot even separate two quarks from each other; you always find quarks bound into hadrons (like the proton or neutron).",what are fields made of ?,"first of all, it is currently a philosophical question whether the fields are ""real"" or whether they are merely a mathematical model (and to some the distinction itself has no meaning). second of all, asking ""what are they made of?"" is to present a [false dilemma](_url_0_). would you still ask the question if the field was made out of atoms? but then what are atoms made of (and so on)? ultimately the feeling you have that things are made out of some palpable ""substance"" and that there is a distinction between that ""substance"" and abstract mathematical relationships, is a confusion. feelings of ""substance"" are nothing more than an expression of the fact that fields attract and repel one another. do these fields actually exist? obviously in some sense they do! but it is a philosophical question whether they are merely an effective mathematical description of something else, or if our description is in some sense a ""true"" representative of reality. as for your last question, different fields have different properties. there are scalar fields (like temperature -- it has a single value at each point in space), there are vector fields (like the wind -- it has a direction at each point in space), there are tensor fields (gravitational, electromagnetic). imagining, say, a trampoline, fields can have different tension. they can couple to other fields (or themselves) to greater or less extent (put one trampoline next to another -- does the one vibrating cause the other to vibrate?), and so on. one of the big differences between the electromagnetic field and the chromodynamic field (associated with the ""color"" charge carried by quarks and gluons) is that the latter is strongly self-interacting. it is so strongly self-interacting that you cannot even separate two quarks from each other; you always find quarks bound into hadrons (like the proton or neutron).",,0.0,0.0,0.7057850278370112,0.9875683471801756,0.9525741281688026,0.0
570,for how long can a typical housefly stay airborne before it runs out of energy?,"apparently, up to about 6 hours! biologists p.n. srivastava and morris rockstein wanted to know how houseflies used chemical energy within their bodies during flight, and part of their experiments involved making flies fly until exhaustion. the times varied dramatically based on the flies' age however, as the youngest flies (1 day after molting) could stay aloft 5.5-6.3 hours, the oldest (8 days) only 38 min-2.1 hours. they then fed fed some flies, and injected others with sugar solutions in order to investigate their metabolism and see what got them buzzing. i'd love to have been a fly on the wall when they thought of flying flies until fried. i'm going to bug out, but here's the source: [the utilization of trehalose during flight by the housefly, musca domestica](_url_0_).",For how long can a typical housefly stay airborne before it runs out of energy?,"Apparently, up to about 6 hours!

Biologists P.N. Srivastava and Morris Rockstein wanted to know how houseflies used chemical energy within their bodies during flight, and part of their experiments involved making flies fly until exhaustion. The times varied dramatically based on the flies' age however, as the youngest flies (1 day after molting) could stay aloft 5.5-6.3 hours, the oldest (8 days) only 38 min-2.1 hours. They then fed fed some flies, and injected others with sugar solutions in order to investigate their metabolism and see what got them buzzing.

I'd love to have been a fly on the wall when they thought of flying flies until fried. I'm going to bug out, but here's the source: [The utilization of trehalose during flight by the housefly, Musca domestica](https://www.academia.edu/23217320/The_utilization_of_trehalose_during_flight_by_the_housefly_Musca_domestica).",https://reddit.com/r/askscience/comments/6sofik/for_how_long_can_a_typical_housefly_stay_airborne/,0.9693877551020409,0.904650527388829,0.6791786861878392,0.0,0.622459338205511,0.0
1686,"when people say their eyes change color depending on their mood, does that have any factual, biological basis?","eye color doesn't change, other than pupil diameter making the eye look ""darker"" or ""lighter"" overall. i'm guessing your crowd has read too much twilight.","When people say their eyes change color depending on their mood, does that have any factual, biological basis? ","Eye color doesn't change, other than pupil diameter making the eye look ""darker"" or ""lighter"" overall. 

I'm guessing your crowd has read too much Twilight.",https://reddit.com/r/askscience/comments/qugr3/when_people_say_their_eyes_change_color_depending/,1.0,0.9875683485865508,0.0,0.0,0.9579122755387536,0.0
1359,what happens to the bones of whales when they die in the ocean?,"there was a story on bbc's blue planet about exactly this. essentially, it sinks to the ocean floor, where it becomes a beacon of life in an otherwise barren desert of lightless sand. sharks are the first to feast, ripping off chunks of the carcass, while scavengers like crabs move in for the remainder. many different types of life will feast on the remains for over a year, eventually leaving a completely clean skeleton on the ocean floor to eventually be ground to dust.",What happens to the bones of whales when they die in the ocean?,"There was a story on BBC's Blue Planet about exactly this. Essentially, it sinks to the ocean floor, where it becomes a beacon of life in an otherwise barren desert of lightless sand. Sharks are the first to feast, ripping off chunks of the carcass, while scavengers like crabs move in for the remainder. Many different types of life will feast on the remains for over a year, eventually leaving a completely clean skeleton on the ocean floor to eventually be ground to dust.",https://reddit.com/r/askscience/comments/bcyltn/what_happens_to_the_bones_of_whales_when_they_die/,1.0,0.0,0.9796676487721512,0.0,0.9999999999999998,0.0
470,"what do you catabolize first during starvation: muscle, fat, or both in equal measure?","gluconeogenesis highly prioritizes fat metabolism for energy when carbohydrate based sources of glucose are low/empty. the entire purpose of fat is to be an energy source when other sources are low, whereas the purpose of muscles are either locomotion or stability. it would be hard to imagine evolution leaving you as an atrophied blob of fat in an emergency situation.","what do you catabolize first during starvation: muscle, fat, or both in equal measure?","gluconeogenesis highly prioritizes fat metabolism for energy when carbohydrate based sources of glucose are low/empty. the entire purpose of fat is to be an energy source when other sources are low, whereas the purpose of muscles are either locomotion or stability. it would be hard to imagine evolution leaving you as an atrophied blob of fat in an emergency situation.",,0.0,0.5312093733737562,0.7549149868676283,0.0,0.0,0.0
1349,"with a seemingly massive amount of historical data on all sorts of inputs, what is still holding us back from extremely accurate weather modeling?","that is because the mathematical determinants underlying weather modeling are [highly sensitive to initial conditions](_url_2_), meaning that even infinitesimal differences in initial conditions will result in grossly different results. there is no degree of additional data gathering, be it in terms of significant digits or data point density, which may overcome this fundamental property of such mathematical systems. this is the part of [chaos theory](_url_1_) which is popularly known as the so-called ""butterfly effect"". the implications are that there is an inbuilt limit on the predictibility of weather systems which no amount of additional data can overcome. these limits are most obvious for longer term prediction. predictions within a 2 to 3 day horizon are pretty decent, but beyond that lie dragons (well ... probably [heighway dragons](_url_0_) anyways...).","With a seemingly MASSIVE amount of historical data on all sorts of inputs, what is still holding us back from extremely accurate weather modeling?","That is because the mathematical determinants underlying weather modeling are [highly sensitive to initial conditions](https://www.futurelearn.com/courses/systems-thinking-complexity/0/steps/20399), meaning that even infinitesimal differences in initial conditions will result in grossly different results. There is no degree of additional data gathering, be it in terms of significant digits or data point density, which may overcome this fundamental property of such mathematical systems. This is the part of [Chaos Theory](https://en.wikipedia.org/wiki/Chaos_theory) which is popularly known as the so-called ""butterfly effect"".

The implications are that there is an inbuilt limit on the predictibility of weather systems which no amount of additional data can overcome. These limits are most obvious for longer term prediction. Predictions within a 2 to 3 day horizon are pretty decent, but beyond that lie Dragons (well ... probably [Heighway dragons](https://en.wikipedia.org/wiki/Dragon_curve) anyways...).",https://reddit.com/r/askscience/comments/6rchyx/with_a_seemingly_massive_amount_of_historical/,0.9719101123595506,0.7981867801399695,0.7981867873410141,0.0,0.132964247069336,0.0
1369,at what point in time did shaving become a thing?,"it is not really a necessity, as having hair isn't detrimental to your health in any way, but it certainly has been a fashion for a long time. the earliest shaver i can remember was alexander the great, which would mean the practice as a fashion statement goes back to at least 350 bc. many cultures have developed a habitual practice of shaving, especially those which are characterized by the leadership of an oligarchy of older men. why they would require young men to shave their whole heads, like in sparta, or just the top of the head in a growing circle, is up to debate i'm sure. another might say there are advantages to it, but i suspect the cause is more simply that the ruling class of older men, when they noticed they were going bald, decided it was simpler to just insist everyone else go bald as well.",at what point in time did shaving become a thing?,"it is not really a necessity, as having hair isn't detrimental to your health in any way, but it certainly has been a fashion for a long time. the earliest shaver i can remember was alexander the great, which would mean the practice as a fashion statement goes back to at least 350 bc. many cultures have developed a habitual practice of shaving, especially those which are characterized by the leadership of an oligarchy of older men. why they would require young men to shave their whole heads, like in sparta, or just the top of the head in a growing circle, is up to debate i'm sure. another might say there are advantages to it, but i suspect the cause is more simply that the ruling class of older men, when they noticed they were going bald, decided it was simpler to just insist everyone else go bald as well.",,0.0,0.9399133489844308,0.0,0.0,1.0,0.0
1513,how deep do ocean currents go? do they affect the water at the bottom of areas like the mariana trench?,"ok, my time to shine, hopefully. the deep ocean circulation of water is in fact dominated by a gradient in seawater density. the waters of the ocean are not all homogenised or mixed like one would expect, in fact, they are separated by differences in density based on the overlying waters they were sourced from, and can be categorised as 'water masses'. these differences in density are caused by a difference in the temperature (the colder, the denser) and salinity (the saltier, the denser) of the source waters where they were formed. so when you have a situation where the water that forms above is denser than the water formed previously below, it sinks, and we get what we call in the business 'downwelling'. this only happens at a few points in the sea, most notably the labrador sea and some places in the antarctic. so this really dense water sinks and sinks until it reaches a density that it can no longer sink past. so what happens now? the water is still forming above, so it has to keep moving! as such, it moves horizontally throughout the ocean (on the density isocline). what we have here is something called the 'thermohaline circulation', and it actually links all the waters of the world oceans together. here is a [diagram](_url_0_). hope that explains your question a bit! knowledge base (not source): current phd student in oceanography, coming from a masters in ocean sciences. edit: thanks for the gold fellow fan of the ocean! edit 2: absolutely astounded by the wonderful amounts of interest my fellow redditors seem to have in ocean science! oceans are really important so i'm glad i could help raise interest! i live in europe, so it's my bed time unfortunately, but if any more questions appear overnight i'll do my best to answer them.",How deep do Ocean currents go? Do they affect the water at the bottom of areas like the Mariana Trench?,"Ok, my time to shine, hopefully. The deep ocean circulation of water is in fact dominated by a gradient in seawater density. The waters of the ocean are not all homogenised or mixed like one would expect, in fact, they are separated by differences in density based on the overlying waters they were sourced from, and can be categorised as 'water masses'. These differences in density are caused by a difference in the temperature (the colder, the denser) and salinity (the saltier, the denser) of the source waters where they were formed. So when you have a situation where the water that forms above is denser than the water formed previously below, it sinks, and we get what we call in the business 'downwelling'. This only happens at a few points in the sea, most notably the Labrador Sea and some places in the Antarctic. So this really dense water sinks and sinks until it reaches a density that it can no longer sink past. So what happens now? The water is still forming above, so it has to keep moving! As such, it moves horizontally throughout the ocean (on the density isocline). What we have here is something called the 'Thermohaline circulation', and it actually links all the waters of the world oceans together. Here is a [diagram](http://www.ncdc.noaa.gov/paleo/abrupt/images/salt-feedback-lg.png). 

Hope that explains your question a bit! 

Knowledge base (not source): Current PhD student in Oceanography, coming from a Masters in Ocean Sciences.

EDIT: Thanks for the gold fellow fan of the ocean! 

EDIT 2: Absolutely astounded by the wonderful amounts of interest my fellow Redditors seem to have in ocean science! Oceans are really important so I'm glad I could help raise interest! I live in Europe, so it's my bed time unfortunately, but if any more questions appear overnight I'll do my best to answer them.",https://reddit.com/r/askscience/comments/4dgow4/how_deep_do_ocean_currents_go_do_they_affect_the/,0.997093023255814,0.0,0.0,0.0,0.7981867849406659,0.7981867777396212
1779,what is the heisenberg uncertainty principle?,"particles are not discrete balls of ""stuff"". rather, they are like waves of ""stuff"" that cannot be broken down and behave according to some very specific equations. it moves in a way most analogous to how temperature spreads out in an object. this means that it doesn't mean anything to talk about ""where"" a particle is or ""how fast"" it is moving. just imagine small wave of water, can you tell me where it is? no, because it's spread out. can you tell me how fast the heat in a room is spreading? no, because it moves at different speeds at different places. we can imagine that this ""wave"" is distributed somehow in space, and then look at the standard deviation of this distribution, sx. the bigger the standard deviation, the more spread out the particle is. the smaller the standard deviation, the less spread out it is and more it looks like a ball of ""stuff"". but the particle will be moving at different speeds, some speeds will be more preferred than others, so we can imagine that all these speeds have their own distribution. we can then look at the standard deviation of this distribution too, sp. the larger the standard deviation, the more it is moving like a wave. the smaller the standard deviation, the more it is moving in a uniform way, like a ball does. if sx is small then it ""looks"" like a discrete particle. if sp is small then it ""moves like"" a discrete particle. the uncertainty principle says that the product (sx)(sp) cannot get too small. this means that we can't have sx and sy be small simultaneously. in other words, it can either *look* like a discrete particle or *move* like a discrete particle, never both. this is just a consequence of the fact that particles are these weird wave-things and are not discrete particles. the uncertainty principle is not restricted to quantum mechanics, it's actually just an idea from probability and statistics that is used in quantum mechanics.",what is the heisenberg uncertainty principle?,"particles are not discrete balls of ""stuff"". rather, they are like waves of ""stuff"" that cannot be broken down and behave according to some very specific equations. it moves in a way most analogous to how temperature spreads out in an object. this means that it doesn't mean anything to talk about ""where"" a particle is or ""how fast"" it is moving. just imagine small wave of water, can you tell me where it is? no, because it's spread out. can you tell me how fast the heat in a room is spreading? no, because it moves at different speeds at different places. we can imagine that this ""wave"" is distributed somehow in space, and then look at the standard deviation of this distribution, sx. the bigger the standard deviation, the more spread out the particle is. the smaller the standard deviation, the less spread out it is and more it looks like a ball of ""stuff"". but the particle will be moving at different speeds, some speeds will be more preferred than others, so we can imagine that all these speeds have their own distribution. we can then look at the standard deviation of this distribution too, sp. the larger the standard deviation, the more it is moving like a wave. the smaller the standard deviation, the more it is moving in a uniform way, like a ball does. if sx is small then it ""looks"" like a discrete particle. if sp is small then it ""moves like"" a discrete particle. the uncertainty principle says that the product (sx)(sp) cannot get too small. this means that we can't have sx and sy be small simultaneously. in other words, it can either *look* like a discrete particle or *move* like a discrete particle, never both. this is just a consequence of the fact that particles are these weird wave-things and are not discrete particles. the uncertainty principle is not restricted to quantum mechanics, it's actually just an idea from probability and statistics that is used in quantum mechanics.",,0.0,0.0,0.0,1.0,0.0,0.5621765008857982
402,why do cats like to knock things off of count tops and tables?,"cats, like many mammals, are incredibly intelligent, social creatures who engage in play behavior and are good at detecting patterns. what may have started as an innocuous play behavior (batting around an object) escalates into an attention-seeking behavior if and when the cat notices you react strongly to it. there is no evolutionary reason in the sense that ""cats who knock things off tables are more likely to breed"" or anything. rather, cats evolved to be smart, and smart enough to figure out how to play dirty mind tricks on humans.",Why do cats like to knock things off of count tops and tables?,"Cats, like many mammals, are incredibly intelligent, social creatures who engage in play behavior and are good at detecting patterns. What may have started as an innocuous play behavior (batting around an object) escalates into an attention-seeking behavior if and when the cat notices you react strongly to it.

There is no evolutionary reason in the sense that ""cats who knock things off tables are more likely to breed"" or anything. Rather, cats evolved to be smart, and smart enough to figure out how to play dirty mind tricks on humans.",https://reddit.com/r/askscience/comments/ap67i7/why_do_cats_like_to_knock_things_off_of_count/,1.0,0.6224593382055109,0.562176500885798,0.0,0.0,0.0
224,does the discovery of gravitational waves falsify quantum mechanics?,"no. why would they? general relativity and quantum mechanics are famously incompatible but they are also completely different regimes. it would be like saying you've falsified the round earth hypothesis by driving on a flat road. no qm hasn't been falsified, it has in fact withstood every test that of regimes where it makes predictions.",Does the discovery of gravitational waves falsify quantum mechanics?,"No. Why would they? General relativity and quantum mechanics are famously incompatible but they are also completely different regimes. It would be like saying you've falsified the round earth hypothesis by driving on a flat road. No QM hasn't been falsified, it has in fact withstood every test that of regimes where it makes predictions. ",https://reddit.com/r/askscience/comments/4f57p5/does_the_discovery_of_gravitational_waves_falsify/,1.0,0.8175744695262775,0.0,1.0,0.0,0.0
312,"does the fuse of a bundle of tnt set off all of the sticks at once, or does it trigger one stick which explodes, causing the others to explode?","former eod tech here. short version: the fuse itself does not initiate the tnt. the fuse (either electric or black powder) initiates a very sensitive primary explosive in a blasting cap. the explosion from the blasting cap creates a wave of heat and pressure that initiates the tnt which it is inserted into. this chain reaction (shock wave) expands outward from the point of initiation (the blasting cap) at approx. 6,940 m/s through the rest of the tnt. it appears to happen all at once but actually happens like a wave, similar to dropping a pebble in a pond.","does the fuse of a bundle of tnt set off all of the sticks at once, or does it trigger one stick which explodes, causing the others to explode?","former eod tech here. short version: the fuse itself does not initiate the tnt. the fuse (either electric or black powder) initiates a very sensitive primary explosive in a blasting cap. the explosion from the blasting cap creates a wave of heat and pressure that initiates the tnt which it is inserted into. this chain reaction (shock wave) expands outward from the point of initiation (the blasting cap) at approx. 6,940 m/s through the rest of the tnt. it appears to happen all at once but actually happens like a wave, similar to dropping a pebble in a pond.",,0.0,0.0,0.0,1.0,0.0,0.8933094152856196
1415,what is the highest a mountain can be? is there a limit to it?,"**short answer:** in general, the maximum size of a mountain on a planet will be limited by surface gravity. the greater the surface gravity, the smaller the biggest mountain can be. on earth, it works out that everest is probably pretty close to this limit. **long answer:** as a mountain gets taller, it gets more massive. as it gets more massive, the pressure on the rock at its base increases. eventually, this pressure would exceed the breaking strength of the rock. that pressure could be written p = rho g h where *p* is the pressure on the base, *rho* is the density of the rock, *g* is the surface gravity of the planet, and *h* is the height of the mountain. if *p* is the breaking strength of the rock, you'll find a cool relation: h g = p/rho since *p/rho* is just a constant, this relation tells us that **as the surface gravity of the planet in question increases, the maximum size of a mountain it can support decreases.** this also tells us *h g* must also be a equal to a constant, which lets us relate the maximum height of mountains on planets of similar compositions but with different masses: h_1 g_1 = h_2 g_2 you can do something *really cool* with this. if you take mt everest to be the tallest mountain that can be supported on earth, and if you know that mars surface gravity is 2/5th of earth surface gravity, you can actually calculate the height of olympus mons, which is the tallest mountain on mars, if you write h_everest g_earth / g_mars = h_olympusmons 5/2 h_everest = h_olympusmons which is actually really close to the true value! this is even cooler because it argues that *both* earth and mars have mountains near the maximum possible height for the planet. of course, a geologist may not like any of what i just said above. mountains and tectonic plates and mantles are complicated beasts - this was just a first order approximation. but, as one last fun fact, you can do something else with this approximation. [we can predict the 'potato radius' - the maximum size a 'potato shaped' asteroid can be before its gravity becomes strong enough to pull it into a sphere.](_url_0_) this is done by modeling the potato asteroid as a sphere with a *huge* mountain on it that must shrink as the asteroid grows in mass, until the mountain is smaller than the radius of the asteroid.",what is the highest a mountain can be? is there a limit to it?,"**short answer:** in general, the maximum size of a mountain on a planet will be limited by surface gravity. the greater the surface gravity, the smaller the biggest mountain can be. on earth, it works out that everest is probably pretty close to this limit. **long answer:** as a mountain gets taller, it gets more massive. as it gets more massive, the pressure on the rock at its base increases. eventually, this pressure would exceed the breaking strength of the rock. that pressure could be written p = rho g h where *p* is the pressure on the base, *rho* is the density of the rock, *g* is the surface gravity of the planet, and *h* is the height of the mountain. if *p* is the breaking strength of the rock, you'll find a cool relation: h g = p/rho since *p/rho* is just a constant, this relation tells us that **as the surface gravity of the planet in question increases, the maximum size of a mountain it can support decreases.** this also tells us *h g* must also be a equal to a constant, which lets us relate the maximum height of mountains on planets of similar compositions but with different masses: h_1 g_1 = h_2 g_2 you can do something *really cool* with this. if you take mt everest to be the tallest mountain that can be supported on earth, and if you know that mars surface gravity is 2/5th of earth surface gravity, you can actually calculate the height of olympus mons, which is the tallest mountain on mars, if you write h_everest g_earth / g_mars = h_olympusmons 5/2 h_everest = h_olympusmons which is actually really close to the true value! this is even cooler because it argues that *both* earth and mars have mountains near the maximum possible height for the planet. of course, a geologist may not like any of what i just said above. mountains and tectonic plates and mantles are complicated beasts - this was just a first order approximation. but, as one last fun fact, you can do something else with this approximation. [we can predict the 'potato radius' - the maximum size a 'potato shaped' asteroid can be before its gravity becomes strong enough to pull it into a sphere.](_url_0_) this is done by modeling the potato asteroid as a sphere with a *huge* mountain on it that must shrink as the asteroid grows in mass, until the mountain is smaller than the radius of the asteroid.",,0.0,0.0,0.0,0.0,1.0,0.932453306514029
1825,"are there any examples of a species that became an invasive pest where it was introduced, meanwhile becoming extinct where it originated?","well they aren't extinct yet but apparently asian carp is rare in china whereas the us is doing all it can to stop the asian carp from moving upstream into the great lakes. this is a good article from the [new yorker](_url_0_) 'people say it’s difficult to find asian carp in china because they’re all fished out. i like to think, sellin’ silver carp and bighead carp to the chinese, that we’re sendin’ their own product back to ’em'","are there any examples of a species that became an invasive pest where it was introduced, meanwhile becoming extinct where it originated?","well they aren't extinct yet but apparently asian carp is rare in china whereas the us is doing all it can to stop the asian carp from moving upstream into the great lakes. this is a good article from the [new yorker](_url_0_) 'people say it’s difficult to find asian carp in china because they’re all fished out. i like to think, sellin’ silver carp and bighead carp to the chinese, that we’re sendin’ their own product back to ’em'",,0.0,0.9046505351008906,0.0109869412745179,0.0,0.987568347042968,0.0
889,why is e the natural growth rate?,"let's say you have $1, and you put it into an account that gives you 100% interest per year. if we compute interest once (at the end of the year), then your account will be credited with $1 more. this may be getting boring but i promise it is going somewhere. if we *compound* the interest computation, we compute it more often. for instance, if interest is compounded monthly, then each month you receive 100%/12 = 8.33% return. so each month, we multiply the balance by 1.0833. if you work out the math, then your effective annual interest rate is (1+1/12)^12 = 261%. so by computing interest more frequently, the rate changes. now lets say that we *continuously* compound the interest calculation. that is, at every instant in time, we add an infinitesimally small amount of interest to the account. from the math, our interest rate would become a limit. limit as x approaches infinity of (1+1/x)^x you can try this on your calculator - just put in really large values for x. you will see that this value approaches the number *e*, which is the rate of continuous growth. that is what is special about it. if we have a population of bacteria that are continuously reproducing, then their growth rate (or ""interest"" in a way) is being continuously compounded. edit: if you want to see how (1+1/inf)^inf equals the more familiar expression for *e* (1+1/2!+1/3!+...) you need to apply some [binomial expansion](_url_0_) (derivation given in that link).",why is e the natural growth rate?,"let's say you have $1, and you put it into an account that gives you 100% interest per year. if we compute interest once (at the end of the year), then your account will be credited with $1 more. this may be getting boring but i promise it is going somewhere. if we *compound* the interest computation, we compute it more often. for instance, if interest is compounded monthly, then each month you receive 100%/12 = 8.33% return. so each month, we multiply the balance by 1.0833. if you work out the math, then your effective annual interest rate is (1+1/12)^12 = 261%. so by computing interest more frequently, the rate changes. now lets say that we *continuously* compound the interest calculation. that is, at every instant in time, we add an infinitesimally small amount of interest to the account. from the math, our interest rate would become a limit. limit as x approaches infinity of (1+1/x)^x you can try this on your calculator - just put in really large values for x. you will see that this value approaches the number *e*, which is the rate of continuous growth. that is what is special about it. if we have a population of bacteria that are continuously reproducing, then their growth rate (or ""interest"" in a way) is being continuously compounded. edit: if you want to see how (1+1/inf)^inf equals the more familiar expression for *e* (1+1/2!+1/3!+...) you need to apply some [binomial expansion](_url_0_) (derivation given in that link).",,0.0,0.0,0.201813231861772,0.7310585903489891,0.0,0.9999999999999998
107,"if you had one molecule of water, how would you determine its state?","a single molecule doesn't have ""state."" a state of matter is only meaningful when you describe how that molecule interacts with the molecules around it. it's like asking an only child how they get along with their siblings. there's no answer.","If you had one molecule of water, how would you determine its state?","A single molecule doesn't have ""state.""  A state of matter is only meaningful when you describe how that molecule interacts with the molecules around it.

It's like asking an only child how they get along with their siblings.  There's no answer.",https://reddit.com/r/askscience/comments/41ztou/if_you_had_one_molecule_of_water_how_would_you/,1.0,0.679178699175393,0.0,0.9820137865505766,0.0,0.0850990496476709
930,why do we use factorial to get possible combinations in the card deck?,"you are thinking of a slightly different problem. if you draw a new card at random from the deck and put it back 52 times in a row, then you would have 52 possibilities for the first card, 52 possibilities for the second card, etc. and the number of possible ""shuffles"" you could make would be: 52 * 52 * 52... = 52^52 = 1.7e89. in that scenario you could pick up 52 aces of hearts in a row, though with a probability of 1/1.7e89. but shuffling a deck isn't like that. shuffling a deck is equivalent to starting with an unshuffled deck and picking cards at random from it but not replacing them after you take them out. there are 52 outcomes for the first card. for each possible first card, there are only 51 cards to choose next. and for each of those combinations, there are only 50 possible number three cards to choose. so the total number of shuffles is 52 * 51 * 50 *... = 52! = 8.1e67. still a big number, but a much smaller number than the first one we calculated. when you shuffle a deck it is obviously impossible to get 52 aces of hearts in a row, unless you are playing poker with someone who is both very sketchy and not too bright.",Why do we use factorial to get possible combinations in the card deck?,"You are thinking of a slightly different problem. If you draw a new card at random from the deck and put it back 52 times in a row, then you would have 52 possibilities for the first card, 52 possibilities for the second card, etc. and the number of possible ""shuffles"" you could make would be:

 52 * 52 * 52... = 52^52 = 1.7e89.

 In that scenario you could pick up 52 aces of hearts in a row, though with a probability of 1/1.7e89.

But shuffling a deck isn't like that. Shuffling a deck is equivalent to starting with an unshuffled deck and picking cards at random from it but not replacing them after you take them out. There are 52 outcomes for the first card. For each possible first card, there are only 51 cards to choose next. And for each of those combinations, there are only 50 possible number three cards to choose. So the total number of shuffles is 

52 * 51 * 50 *... = 52! = 8.1e67. 

Still a big number, but a much smaller number than the first one we calculated. When you shuffle a deck it is obviously impossible to get 52 aces of hearts in a row, unless you are playing poker with someone who is both very sketchy and not too bright.",https://reddit.com/r/askscience/comments/3uzp2b/why_do_we_use_factorial_to_get_possible/,1.0,1.0,0.0,0.2942149597859341,0.0,0.5926665999540697
277,what is the actual science behind our estimate of the age of the earth? what is the tolerance and how was it arrived at?,"our estimate for the [age of the earth](_url_2_) is 4.54 billion years, accurate to about 1%. the technique used is based on the decay of radioactive uranium. there are two different isotopes of uranium, u-235 (used to make bombs) and u-238 (mostly useless). both are radioactive, and decay into two different isotopes of lead, but they take different amounts of time to do it. by [measuring the relative amounts of the two kinds of lead in a sample](_url_1_), we can tell how long it's been since that sample crystallized into a solid rock. using this method, the age of the [oldest known rocks](_url_3_) we've actually found on the earth is about 4.0 billion years old. however, since almost all rock on earth has been re-melted since earth's formation, that's just the *youngest* the earth could possibly be. but asteroids have *not* remelted since they formed, and the oldest meteorites from asteroids are 4.58 billion years old. samples from the moon and meteorites that we believe are pieces of mars are up to 4.5 billion years old, so if we assume the earth formed at the same time all these other bodies did, we get a good bracket on the earth's age. but while i hope you find this info useful, you should know that young-earth creationists are rarely convinced by it. they will [claim](_url_0_) that god created the earth with the lead isotopes already there in the right proportion to make the earth seem older, perhaps to test our faith. there's really no way to argue against this point: if everything we see around us is a lie, scientific evidence is useless, and there's [no way to prove](_url_4_) that the earth wasn't created 5000 years ago, or in 1890, or five minutes ago.",what is the actual science behind our estimate of the age of the earth? what is the tolerance and how was it arrived at?,"our estimate for the [age of the earth](_url_2_) is 4.54 billion years, accurate to about 1%. the technique used is based on the decay of radioactive uranium. there are two different isotopes of uranium, u-235 (used to make bombs) and u-238 (mostly useless). both are radioactive, and decay into two different isotopes of lead, but they take different amounts of time to do it. by [measuring the relative amounts of the two kinds of lead in a sample](_url_1_), we can tell how long it's been since that sample crystallized into a solid rock. using this method, the age of the [oldest known rocks](_url_3_) we've actually found on the earth is about 4.0 billion years old. however, since almost all rock on earth has been re-melted since earth's formation, that's just the *youngest* the earth could possibly be. but asteroids have *not* remelted since they formed, and the oldest meteorites from asteroids are 4.58 billion years old. samples from the moon and meteorites that we believe are pieces of mars are up to 4.5 billion years old, so if we assume the earth formed at the same time all these other bodies did, we get a good bracket on the earth's age. but while i hope you find this info useful, you should know that young-earth creationists are rarely convinced by it. they will [claim](_url_0_) that god created the earth with the lead isotopes already there in the right proportion to make the earth seem older, perhaps to test our faith. there's really no way to argue against this point: if everything we see around us is a lie, scientific evidence is useless, and there's [no way to prove](_url_4_) that the earth wasn't created 5000 years ago, or in 1890, or five minutes ago.",,0.0,0.7772998714925403,0.0,0.0,0.0,0.5621765008857982
347,why are hail storms so short?,"hail can only form in very specific conditions, and only in a very specific part of a very energetic thunderstorm. rain or snow doesn't even need a thunderstorm - just any old storm will do. for hail to form there needs to be a convective cycling of warm liquid water upwards at the front of a storm which then freezes. at that point it falls down towards the lower bits of the storm where the temps are above the freezing point. that ice ball then gets coated in liquid water, will cycle upwards again to freeze another layer over the first, and so on. at some point, it's so heavy that updraft winds can't carry it upwards, and it falls to the ground. it's shown more completely in [this diagram](_url_0_). as a result, the only place hail can really efficiently form is right at [the edge between the leading updraft and the trailing downdraft](_url_2_), leaving a relatively narrow ground track of the place where hail can actually fall to the ground. you can also determine the number of convective cycles the hail went through before falling to the ground by [looking a the cross section of a hail stone](_url_1_). each layer there was formed from a single cycle of liquid coating and refreezing.",Why are hail storms so short?,"Hail can only form in very specific conditions, and only in a very specific part of a very energetic thunderstorm. Rain or snow doesn't even need a thunderstorm - just any old storm will do.

For hail to form there needs to be a convective cycling of warm liquid water upwards at the front of a storm which then freezes. At that point it falls down towards the lower bits of the storm where the temps are above the freezing point. That ice ball then gets coated in liquid water, will cycle upwards again to freeze another layer over the first, and so on. At some point, it's so heavy that updraft winds can't carry it upwards, and it falls to the ground. It's shown more completely in [this diagram](https://i.imgur.com/pl1DDLX.jpg).

As a result, the only place hail can really efficiently form is right at [the edge between the leading updraft and the trailing downdraft](https://i.imgur.com/gbG9Koj.jpg), leaving a relatively narrow ground track of the place where hail can actually fall to the ground. 

You can also determine the number of convective cycles the hail went through before falling to the ground by [looking a the cross section of a hail stone](https://i.imgur.com/ZgwHvS3.jpg). Each layer there was formed from a single cycle of liquid coating and refreezing.",https://reddit.com/r/askscience/comments/7iu9qq/why_are_hail_storms_so_short/,0.9545454545454546,0.0,0.0,0.0,0.0,0.6791787121629466
