question,answer,humor_v4_score,humor_v4_reason,Index
"when falling from great heights many people say that landing on water is ""as hard as concrete."" what do they mean by this? how valid is this statement and how is it measured or calculated?","""it's not the fall that kills you, it's the landing."" when you hit anything, it isn't the substance itself that hurts you but rather the deceleration. specifically, if part of your body decelerates much faster than the rest, then that produces shearing, tearing and compressive forces which wreak havoc internally. it follows that, with certain deceleration rates, you'll sustain fatal injuries. solid surfaces such as concrete will decelerate an object very rapidly while something which yields more readily will decelerate the object at a lower rate. in either scenario, though, the rate at which you decelerate will stipulate the amount of injury you experience. when that percentage exceeds that which you can tolerate, you're dead regardless of what you hit (i.e. at high speeds, hitting water is just as, er, ""effective"" as hitting concrete). edit: wording",0.9796676473993798,"The text contains a dark humor statement: 'it's not the fall that kills you, it's the landing.' This is an example of irony, as it uses a casual tone to describe a serious and potentially fatal situation, making it humorous through understatement and contrast.",676
is there any evidence of mammals (besides humans) being serial killers or murdering their own species for fun?,"many large male bears will murder the cubs of other females to make her sexually active sooner and have less competition for their kin. it's hard to classify ""fun"" because humans will slap a reason on it. perhaps some animals do but we usually label it territorial, self preservation, mating reasons, or preserving it's gene pool. chimps are known to bully which sometimes ends in death or murder but it's also a hierarchy thing so to say it's for fun is nearly impossible when it's a part of the social construct.",0.0,"The text does not contain any jokes, irony, sarcasm, or ridiculous comparisons. It discusses animal behavior in a factual manner without humorous elements.",1425
"anti-electrons exist, right? does this mean that anti-electricity, anti-electrostatic fields, and anti-magnetism also exist?","yes, they are called positrons. they are created naturally in beta-plus radioactive decay. no. positrons have regular positive charge just like protons. when positrons move, they form a regular electric current, not an anti-electric current. a stream of positrons creates an electric current that forms electomagnetic fields exactly like a stream of any other positively charged does, such as a stream of protons. furthermore, in terms of electric current, a steam of positive electric charges acts exactly like a stream of negative electric charges traveling in the opposite direction. therefore, a stream of positrons going north acts exactly like a stream of electrons going south. they both create the exact same, regular electromagnetic fields. in your mind, what is ""anti-magnetism"" supposed to mean? mathematically, the opposite of a certain magnetic field is just a different magnetic field pointed in the opposite direction. it is not something exotic.",0.0,"The text provides a factual explanation about positrons and electric currents without any jokes, irony, sarcasm, or ridiculous comparisons. It focuses on clarifying misconceptions about 'anti-magnetism' with straightforward scientific information.",1994
do men and women have different wrinkle patterns due to genetic or facial expression dimorphisms?,"according to [tsukahara et al. (2013)](_url_0_) yes! (for japanese people, but op is japanese, right?) the reasons aren't explored here but in your question you seem to differentiate genetic factors from facial expression differences across sex while the latter is caused by the former.",0.7981867729389246,"The response contains a sarcastic side comment in parentheses, 'but op is japanese, right?', which is dismissive and mocking, aligning with Step 2 criteria for irony or sarcasm.",1717
"what is kinesio tape (that all the olympic athletes are using) supposed to help with, exactly?","it incorporates a relatively novel adhesive that is thought to enhance blood and lymph circulation by providing tension or, more simply, lifting the skin at specific areas to promote healing or whatever. i'm quite drunk right now, but i have an excellent citation which i will provide if i remember this tomorrow. in brief, results are inconclusive, and the tape essentially doesn't do anything interesting. details to follow.",1.0,"The text contains sarcasm and irony, particularly in the dismissive and mocking tone about the effectiveness of the tape and the speaker's own state of inebriation. The phrase 'or whatever' and the casual mention of being 'quite drunk' while promising an 'excellent citation' contribute to the sarcastic tone, making the serious topic of medical tape sound unimportant and humorous.",407
how did they weld before they had protective glasses/masks?,"dark glasses existed long before welding. welding also started with gas welding, wcich required much less shielding. then again, at that time, workplace safety wasn't a big thing. heck, in many countries, you see people welding wearing only sunglasses.",0.9149009561531424,"The text contains a sarcastic comment about workplace safety, highlighting the irony of people welding with only sunglasses, which is an understatement of the serious safety risks involved.",1040
"when they repave a road, where do they send the old asphalt and what is its environmental fate?","usually, the asphalt is immediately recycled into the new road surface through the process of [pavement milling](_url_0_). if the pavement isn't immediately recycled into the new road surface, it is trucked somewhere and then re-sold as aggregate or as an input to ""new"" pavement. asphalt is one of the most easily and widely recycled construction materials.",0.0,"The text provides factual information about asphalt recycling without any elements of humor, such as jokes, irony, sarcasm, or ridiculous comparisons. It is purely descriptive and lacks any attempt at humor.",1975
is water more hydrating to drink?,"source: _url_0_ since water contains more water than anything else in the world, nothing else can hydrate you more than water. my research also suggests that you have been watching too much idiocracy.",1.0,"The text contains a sarcastic comment suggesting that the reader has been watching too much 'Idiocracy', a movie known for its satirical take on society. This reference to pop culture is used humorously to imply a lack of intelligence or awareness, aligning with Step 1.",970
how exactly is altitude calculated airplanes?,"i feel like there's a lot of confusing information in this thread. let me bullet point the truths: * modern aircraft use gps. * all aircraft (including said modern ones, technically their primary readout!) use a reading of outside air pressure to determine altitude. atc and automated stations at airports broadcast local air pressure so the altimeters can be calibrated to the navigation charts along the route. * when you land in denver, **the altimeter reads 5000**. the navigation charts mark the airfield (and other navigation aids/obstacles) at their actual altitude. fun fact: there is another metric called ""density altitude"" which pilots use to gauge aircraft performance. on a hot day when the air is less dense, an airfield normally at 5000' can ""behave"" like it's at a much higher altitude, meaning you need a longer runway to take off among other things. this is one of many reasons why mountain flying can be treacherous sometimes! source: me, pilot",0.0,"The text provides factual information about aircraft navigation and altitude measurement without any jokes, irony, sarcasm, or ridiculous comparisons. It focuses on explaining concepts like GPS, air pressure readings, and density altitude in a straightforward manner.",1204
"is the statement ""even neuroscientists can’t tell if an individual brain belongs to a man or woman."" true?","no. [feis et al. (2013)](_url_1_) ( < - pdf!) can decode gender from mris with 96% accuracy. edit: to add a bit of detail: on average, men tend to have a larger brain size; women tend to have a larger proportion of gray matter over all. when controlling for brain size, there are certain specific regions where women have larger gray matter volumes than men ([luders et al. 2009](_url_2_)). [yuan et al. (2015)](_url_0_) use a fancier method and also obtain ~96% classification accuracy over four datasets of more than 500 mr images total.",0.0,"The text provides factual information about MRI studies and gender classification accuracy without any jokes, irony, sarcasm, or ridiculous comparisons. It is purely informative and lacks any humorous elements as outlined in the evaluation steps.",55
structure formation in miso soup?,"oh boy! i actually did some reading on this once when trying to learn something about stellar convention, but a proper fluid dynamicist should correct me. ""benard cells"" are just the name given to the convection cells that form in a fluid with a temperature gradient across it, which generally form a sort of tiled lattice of hexagonal convection cells. basically, bottom is hot, top is cool, so hot stuff from the bottom comes up and goes back down - thermo/convection 101. in fact, we think there are bernard cells forming convective columns in the sun (but /u/drzowie would know more...). beyond that, it gets really complicated really fast, and my knowledge wains, but i think i can explain what we're seeing in your [second video.](_url_1_) it looks like there might be one convection cell set up in the bowl. the white matter seems to be a good flow tracer; watch the white particles that near the edge of the bowl in the second half of the video (for example on the right side of the image) and you'll see them take a quick dive towards the bottom when they get near it. i assume they're then recycled and flow back up in the center of the column. [google images gave me this picture from wikipedia, which i think describes what we're looking at fairly well.](_url_0_) the abstract of your second paper corroborates this: as a guess for what causes some of the structure: (1) it's chaotic, but for some gross features (2) the higher density of white matter in the middle of the bowl compared to the edge might then just be due to the relative flow velocities at those points. near the edge of the bowl you can see the white particles are visibly moving faster when they enter the downward part of the convection cycle, but they seem to be moving slower in the central column.",0.0,"The text provides a detailed explanation of convection cells and their behavior, but it does not contain any jokes, irony, sarcasm, or ridiculous comparisons. The language is vivid and descriptive, focusing on scientific concepts without humorous elements.",69
"of the non-radioactive elements, which is the most useless (i.e., has the fewest applications in industry / functions in nature)?","gallium is useless in nature, with zero biological functions to its name. yet it enables a host of industry applications. sulfur on the other hand is very useful for a variety of biological processes. at the same time, it's so worthless to industry that they are literally making a giant pyramid out of the stuff in canada as a byproduct of oil extraction with zero intended use. ***please note***:not saying that there are no uses for sulfur, just that the supply ridiculously exceeds demand to the point that they're just playing pharaoh up in alberta. i think you'll be hard pressed to find an element that is universally useless. edit: added emphasis to my statement that sulfur has uses but is cheaper than dirt, as nit-pickers want to argue the semantics of the thing. edit 2: since i didn't address the question appropriately with regard to usefulness instead looking at value, i'll change my industry answer to strontium since we're no longer using crtvs and hfcs and newer extraction methods have both done their part to make strontian sugar beet extraction a thing of the past. strontium has its uses as well, but is pretty insignificant as far as volume of mining per year goes. edit 3: scandium and tellurium were both low hanging fruit, as they're particularly rare and aren't involved in biological processes for the most part, but as rare as they are, it didn't seem reasonable to include them while ignoring astantine just because it was radioactive.",0.9241418126663687,"The text contains a sarcastic comment about sulfur being so worthless to industry that they are 'literally making a giant pyramid out of the stuff in Canada,' which is a humorous exaggeration. Additionally, the phrase 'playing pharaoh up in Alberta' adds a layer of irony by comparing the industrial byproduct to ancient monumental construction, which is an absurd and funny comparison.",885
was the cause of the multi-state dead bird epidemic (shortly after new years 2011) ever determined?,"selective reporting. flocks of birds sometimes die off in large numbers due to trauma (most birds are pretty much one loud noise away from death at all times). once the arkansas death was picked up by the news-- forgetting to mention that it happens all the time-- a whole bunch of flock deaths started to get reported, whereas usually they'd be ignored.",1.0,"The text contains irony and sarcasm, particularly in the statement 'most birds are pretty much one loud noise away from death at all times,' which is an understatement that humorously trivializes the serious topic of bird deaths. Additionally, the comment about news reports forgetting to mention the commonality of such events adds a layer of sarcasm.",966
how much energy does the human race use in a day? how much does the earth absorb from the sun in a day?,"about 1.21* 10^17 watts is absorbed by the earth from the sun. there are 86400 seconds in a day which corresponds to 1.04* 10^22 joules a day. in 2008 we used 144,000 terrawatt hours which corresponds to 5.2* 10^20 joules. so earth receives 20 times more energy in a day than we use in a year, so we use about .014% of the sun's energy that hits earth.",0.0,"The text provides a factual comparison of energy consumption and solar energy absorption without any elements of humor, irony, sarcasm, or ridiculous comparisons. It is purely informative and lacks any attempt at humor or exaggeration.",558
we are putting in two wells in remote villages in malawi. the salt content is high in these regions. how can we make the water more drinkable?,"i am a water/wastewater engineer. if i understand correctly: sources: brackish groundwater, polluted (with what? assume human waste?) stream. restrictions: no electricity, fire, or charcoal. producing: 2 m^3 per day of potable water. i am not a politician so i won't mince words, you are pretty much fucked. here are my thoughts. - groundwater. how deep are your wells? do you know the geology? can you drill deeper, or in a different area? if you invest in knowledge (geology survey) and a one time cost in equipment (deep drill) you could produce something that has low maintenance costs and can produce the volumes you require. recommend to proceed. - distillation. solar distillation will not produce the volumes you require. it's a boy scout science project, it doesn't scale to the scenario you have. recommend to not proceed. - conventional treatment. ro with some pretreatment is ideal here. needs electricity. needs trained operators. costs a shitload of money. long shot is getting funding for this and tieing into someone else's electrical infrastructure. problems with long term maintenance and consumables. recommend not to proceed unless ""angel"" is in the area (ie large mine, etc, looking for a pr boost). tl;dr your only realistic shot is drilling better wells.",0.9740426406358642,"The response contains sarcasm and dark humor, particularly in the statement 'you are pretty much fucked,' which is a blunt and humorous way to describe a dire situation. Additionally, the phrase 'unless ""angel"" is in the area' uses a sarcastic tone to describe the unlikely scenario of receiving help from a large corporation. These elements align with the evaluation steps for identifying sarcasm and irony.",608
"given current technology and information, what will ultimately be the death of our solar system?","the solar system will die when the sun becomes a red giant star whose outer envelope reaches as far out as venus, or perhaps even the earth. even if the envelope doesn't reach the earth, the immense radiation given off by the sun in this phase will eliminate all life on the planet. the sun will then transition to a white dwarf star and slowly cool for the rest of time. interactions with the material given off by the sun during the red giant to white dwarf transformation may disrupt the outer planets as well.",0.0,"The text provides a factual description of the solar system's future without any elements of humor, irony, sarcasm, or ridiculous comparisons. It lacks jokes, wordplay, or any humorous references to pop culture, and does not employ irony or extreme comparisons for comedic effect.",688
what keeps the atoms in my finger from mixing with those in the keys of my keyboard? and why doesn't this effect apply when i press two broken halves together really hard?,"because you are not pushing hard enough. when you say 'mix,' what you really mean to say is 'bond.' it's the valence electrons that determine how readily elements will bond with each other, and most everyday things (like fingers and piano keys and eggs) are already quite happy where they are bound. why? because their current bonds are stable. unstable things don't last- they spit out their extra energy and they are replaced by stable things. so why do you need to push harder? that will make your interface hotter, and hence there will be more energy available for forming the bonds you want (technically, you would be breaking the bonds in the two things you want to fuse by melting it, and then when the liquid in between cools off the liquid mass freezes to form a single bound object). that's why you can't just put two pieces of metal next to each other and expect them to stay there- you've got to hit them with a blow torch. let's look at this question in reverse. what happened when humpty dumpty fell on his ass? why couldn't the king's men put him back together? because the chemical bonds in him were broken, and the energy that was there was lost to heat and the cracking sound and a million other little vibrations. bottom line: that shit is now disordered, and entropy has increased. how do you decrease entropy locally, or reorder something- like a broken egg shell? you'd need to apply a lot of ordered energy to get the bonds back to the way they were; more energy than you initially lost to entropy, in fact. so to put humpty dumpty back together, you have to break two more humpties to get the energy you need. fun fact: eventually the universe will run out of usable energy, and on that day everything everywhere will be shit out of luck. ([perhaps you'd like to read some asimov while we're on this topic.](_url_0_)) tldr: at no point in the nursery rhyme does it say humpty dumpty was an egg.",1.0,"The text contains a humorous reference to the nursery rhyme character Humpty Dumpty, using a scientific explanation to mock the idea of reassembling him. It also includes a sarcastic comment about the universe running out of usable energy, and a dismissive side comment suggesting reading Asimov. These elements align with the evaluation steps for jokes, irony, and sarcasm.",58
are there any predators that hunt for sport rather than for food?,"house cats. seriously. the common, everyday, run-of-the-mill house cat. they don't kill things because they're hungry, they do it because it's fun. they're more vicious than any big cat on earth. the *only* reason they're not considered as *dangerous*, is because they're so small. [""*the estimated kill rates are two to four times higher than mortality figures previously bandied about, and position the domestic cat as one of the single greatest human-linked threats to wildlife in the nation. more birds and mammals die at the mouths of cats, the report said, than from automobile strikes, pesticides and poisons, collisions with skyscrapers and windmills and other so-called anthropogenic causes.*""](_url_0_)",0.9770226274974266,"The text contains irony and sarcasm by describing house cats as more vicious than big cats and highlighting their small size as the only reason they're not considered dangerous. This is a humorous understatement and contrast, aligning with Step 2.",167
how can the iss be aware of everything that is in its vicinity ?,"most of the monitoring of satellites and space junk is done from the ground, usually with radar. the [us strategic command](_url_2_) tracks close to 10,000 objects in space. i'm afraid i don't know the details of how strategic command interfaces with nasa and with the astronauts on the iss. the european space agency also has a [space debris office](_url_0_), which pinpoints and tracks space debris using radar dishes in germany and svalbard. [laser ranging](_url_1_) can also be used to track space debris.",0.0,"The text provides factual information about satellite and space debris monitoring without any elements of humor, irony, sarcasm, or ridiculous comparisons. It lacks jokes, puns, or any form of comedic expression as outlined in the evaluation steps.",869
how powerful would a laser need to be to reach the bottom of the ocean?,"ok so. seawater absorption is complicated and depends on lots of things (contents of water, wavelength, etc). there's a paper that suggests about 7% per meter under relatively ideal conditions. so multiplying that over the depth of the mariana trench, you come out with loss such that to get 5 mw of power to the bottom of the trench, you need 1.5 x 10^344 w of power at the surface. which is too much. i haven't done the math to see just how much of the ocean you'd be vaporizing at that point. edit: by ""too much"" i really meant ""more than all the power."" that amount of power is many many many multiples of the sun's power. it's more than all the possible power. edit 2: please look below for other calculations based on different coefficients of absorption. it makes a huge difference... but only in the sense that the answers range from ""more power than the universe is equivalent to"" to ""only a few hundred times more than the luminous intensity of the entire galaxy"". so in a practical sense the answers are the same, though they are wildly different. edit 3: i've gotten some messages about coefficients of absorption. basically different parts of the ocean absorb water differently. the coefficient of absorption of seawater ranges from about 0.013 to... whatever you want it to be, really. the wavelength matters a whole lot. the 7%/meter answer i got was an average based on white light in real-world pelagic seawater. with real-world seawater your answer ranges from roughly 10^60 watts to 10^350 watts for lasers of optimum sea-water penetration. get out of that wavelength and the power skyrockets. even so. whether you're talking about 10^60 or 10^147 or even a fraction of that... you're talking about unimaginable amounts of power. power such that the universe cannot supply. if you want to try it yourself, x=e^(ad) is a supersimplified version of the equation (lambert's), where x is the input power, a is the coefficient of absorption and d is the depth in meters. that'll give you the number of input units needed to get one output unit. [this paper](_url_0_) has a bunch of science and a table on the absorption rates.",0.9626731127897334,"The text contains a ridiculous comparison meant to amuse, specifically when it mentions needing '1.5 x 10^344 w of power at the surface' to get 5 mw of power to the bottom of the trench, which is described as 'more than all the power' and 'many many many multiples of the sun's power.' This exaggeration is intentionally extreme and absurd, aligning with Step 3 of the evaluation.",1807
