question,answer,metaphor_v3_score,metaphor_v3_reason
"do the past or future currently ""exist"" in some dimension or form?","if you read the mathematics of relativity as literal and take the notion of ""time as a dimension"" as seriously as you can (*do so at your own risk!*) you find that the shape and volume of objects is not the traditional 3d volume we are familiar with, but a ""world volume"" which sweeps throughout time. time is an address. our sense of the present is then akin to a passenger on a roller-coaster. here's a picture to get the idea across, * _url_0_ this actually generates some problems as this picture implies that nothing moves. everything can be viewed as a fixed and suspended volume like the fat marbling on a steak. here's another take on the issue: * isham, chris j. ""canonical quantum gravity and the problem of time."" integrable systems, quantum groups, and quantum field theories. springer netherlands, 1993. 157-287. there are some good arguments that a ""time operator"" and ""time eigenvalue"" is inconsistent with quantum mechanics. i've generally seen it done using the [stone—von neumann theorem](_url_3_) you can read a better way to treat time in qm here: * mandelshtam, tamm, the uncertainty relation between energy and time in nonrelativistic quantum mechanics, izv. akad. nauk sssr (ser. fiz.) 9 (1945) 122-128. (english translation: j. phys. (ussr) 9 (1945), 249-254.) _url_2_ * _url_1_",0.5926665999540697,"The text uses 'time is an address' and 'the present is akin to a passenger on a roller-coaster', both of which are fresh metaphors creating figurative meaning."
"considering that the internet is a web of multiple systems, can there be a single event that completely brings it down?","one that no one is mentioning is potentially the most likely and damaging. bgp is the protocol that handles routing on the internet and is what enables the internet to be decentralized. bgp is largely trust based, and there have been cases of companies saying they “own” ips that they do not. there have been several instances of countries trying to censor sites like youtube. generally this is done by “black holing” ip subnets. so for example, in that country, all traffic destined to you tube would simply be discarded and your request would never make it to youtube. since bgp propogates routes automatically and is latgely trust based, there have been times where these “null routes” escape from the country they are meant for, and impact global traffic. there are of course many mitigations to this, but its conceivable that a specially crafted bgp hijack could significantly disrupt global traffic (as has already happened several times over the years). i would definitely say bgp is right now the achilles hell of the internet, much more so than dns (its just that many non-networking folks have likely never heard of it, while many people are aware of dns) speaking of dns, another risk to worry about is a dns hijack(which are generally much less impactful than bgp hijacks), discussed in some other posts. we are starting to see more of these schemes (sometimes in conjunction with a bgp hijack to point endusers dns traffic to nefarious servers), and sometimes these schemes are designed to steal cryptocurrency. as there is money in this, i would expect to see more and more of these types of attacks, especially if crypto prices go back up. see more [here](_url_0_)",0.8519528057272543,The phrase 'bgp is right now the achilles heel of the internet' is a direct metaphor that creates fresh figurative meaning by likening BGP to the mythological weakness of Achilles.
"why is it that human brains are able to ""auto-pilot"" certain commands, such as play the piano, video games, sports etc... but when we start to think about it, we completely lose rhythm?","[i suspect this article is what you are interesting in.](_url_0_) in short, there are different parts of the brain that are responsible for reacting to novel stimuli and carrying out tasks of habit. different parts of the brain can suppress the activities of others. very roughly, the more parts of the brain are involved in dealing with a task, the more time it takes for them to reach a consensus and react. i suspect that ""consciously"" thinking about something sets up a conflict between the part of the brain that carries out habitual activities and the part of the brain responsible for higher thinking and novel reactions (see article above). this comes with a ""loss of groove"" as the various parts resolve conflicting signals. it is the cognitive equivalent of an overly attentive manager inserting himself into the workers' work to try things himself and ask questions, thus slowing everything down.",0.6513548782017745,"The text uses analogies and comparisons such as 'cognitive equivalent of an overly attentive manager', which is not a metaphor as it explicitly uses 'equivalent of' to compare scenarios."
"when a young, still-growing teenager becomes pregnant, does the pregnancy sap resources that would otherwise be used to help her grow?","yes, it will. the mother in the first trimester of pregnancy begins to adapt to the growing needs of a developing fetus (store fat, become insulin resistant etc.). however, in the later stages of pregnancy, there is a battle of resources between the mother and the fetus, where the fetus is synonymous to a parasite. given the increased needs of a teen mother, the fetus' energy demands will take a toll on the mothers health. edit: also, the lack of developmental maturity in the mother may limit fetal growth. for example pelvic bones do not reach their maximum size until about the age of 18. this theory is known as maternal constraint _url_0_",0.7981867825403176,"Describes the fetus as a parasite, which is a strong metaphor attributing a role typically associated with a separate biological entity."
how exactly is unused breast milk absorbed back into the bloodstream?,"the cells in the breast that produce milk are going to either commit suicide (this is called apoptosis and is completely normal) or the connections between those cells and neighboring cells are removed and the cells die of starvation. other cells come in and destroy the junk that’s left behind and will get rid of most of the harmful stuff left behind. the clean up cells and the remaining cells will most likely take up and use the nutrients left behind. the destroyed cells are replaced with fat cells. breast milk contains protein, fat, and carbs. ~~all of these things can be pushed into the blood stream and easily degraded by the liver or just released in the urine.~~ edit: a lot of the time, any milk left over after weaning will leak out of the breast. unless the ducts in the breast that carry milk to the nipple are blocked, there will be discharge. release of milk is caused by a few mechanisms and it takes a while (up to months) to destroy the majority of milk producing cells. edit 2: those clean up cells will do all the work (macrophages), very little of those proteins, fats, or carbs will enter the blood.",0.6224593312018545,"The description of cells committing suicide and cleanup cells is weak personification and technical terminology, not a metaphor."
"if inflammation is our bodies natural response to injury, why do so many modern treatments seek to reduce it?","copypasting an old [comment](_url_0_) of mine from a similar [thread](_url_1_): take two guys, caveman jack and regular jack. caveman jack cuts his hand on a stone. his immune system kicks into high gear and kicks some bacterial ass. then his repair pathways kick in and start to rebuild the cut from the inside out, while the inflammatory response struts around the outside continuing to kick flagella (i.e., what could be considered the ""ass"" of a bacterium). this is good, because if those inflammatory cells didn't do that, the bugs would come in and make short work of the repair cells deeper in the wound. but there's a cost; inflammatory cells are generally overzealous and will do damage to things they shouldn't. it's a tradeoff, but a little extra damage or prolonged healing time is a small price to pay for staving off systemic bacterial infection. to further ensure that it doesn't get infected, his body sets up a pathway that makes him not want to touch that wound to anything; pain. 200,000 years later regular jack cuts his hand on the exact same stone (it could happen!). inflammatory cells rush into the wound and kick microbial ass. jack washes out the cut. he bandages it. it's clean now, and it's not open. if he touches the bandage to something, it doesn't really matter because the bandage makes an effective barrier between the wound and the outside world; the bacteria sit on the outside of the bandage until jack changes the dressing that evening. and then slathers it with diaf brand antibacterial ointment. the bacteria from the original wound were wiped out in the great peroxide flood of earlier this morning, and now any bacteria that may have hitched a ride nearby hits the gelatinous beast of pain and death as they drift near the wound. the bugs don't stand a chance against the concerted efforts of jack, an industrial society, and the local pharmacy. but those inflammatory cells are still operating under programming that is the result of hundreds of millions of years of evolution that each say ""bacteria are freaking everywhere, and panic is the reasonable response here."" so the inflammatory cells stay and play. but there is no tradeoff anymore. the risk of infection is greatly reduced, but the price of that constant patrol is the same as before. so regular jack takes 400mg of stfu brand ibuprofen which causes the inflammatory cells back off a bit, and the pain pathway eases up for a while. that is grossly oversimplified, but to give it a proper treatment would take a textbook or three.",0.7772998611746911,"The output contains active metaphors like 'immune system kicks into high gear and kicks some bacterial ass', 'inflammatory response struts around', and 'bacteria from the original wound were wiped out in the great peroxide flood', which create fresh figurative meaning."
if jupiter is gas giant does it have a surface that you could theoretically stand on ?,"this is a cool question with a (scientifically) cooler answer: we have no idea! nothing we have, no sensor or probe or anything, can grind through the chaos that is jupiter's ever thickening layers. [these guys at nasa](_url_2_) are pretty smart though, and they say that at some point you're going to encounter liquid metal hydrogen. let me just say that again, because it's pretty friggen cool: liquid metal hydrogen! ahem, anyway! we're talking about (theoretically) temperatures hotter than the surface of the sun. physics and chemistry kind of take a vacation when you get that deep, and just start making stuff up. but i'm betting that rather than being able to stand on it, you would melt in a rather pretty fashion. edit: to remove my excited swearing. edit 2: yes, i know that physics and chemistry still apply. i was anthropomorphizing science, because we all know what a big sexy beast she is, even when she goes off the deep end. edit 3: hey, pro_astronomer is here, you should probably check out his posts since he's... a pro astronomer. :) edit 4: gah, didn't realize the thread would take off. o-o right [liquid metalic hydrogen](_url_1_). in a nutshell, when you take hydrogen and put it under four million bars of pressure, you get liquid metalic hydrogen (there are other ways to produce it, but we're talking jupiter of course). it's hydrogen that flows like mercury, and likely is the (or one of the) source(s) of jupiter's magnetic field. it's likely a [superconductor... and a superfluid](_url_0_), trasitioning between these phases. this is kind of the upper limit of my knowledge of the stuff, please don't hurt me. final edit: thanks for the love guys, i'm off to bed here in the uk. plenty of experts here now, who i'm sure will love to answer your questions! =)",0.5312093733737563,"The text uses weak personification with phrases like 'physics and chemistry take a vacation' and technically describes 'liquid metallic hydrogen', which are not considered metaphors according to the criteria."
is there any dark matter in my room right now?,"**short answer:** maybe. it depends what dark matter is. **long answer:** *dark matter* is a bit of a catch all term. it's just meant to describe the bulk of the apparent gravitating mass in the universe which is not luminous. we don't know what it is yet. the evidence is really really good that it exists, we're just not sure what it is. generally, 'dark matter' is used to refer to a presently unidentified kind of matter. for example, some people think that maybe there were just a whooole bunch of black holes floating through space, waaay more than any model for stellar evolution might predict, and since black holes don't give off light they would constitute 'dark matter'. but this isn't a favored answer for a long list of reasons. a more popular idea presently is that dark matter is some kind of particle. aptly called 'particle dark matter.' this kind of dark matter would be a heavy and abundant particle which just doesn't interact with the electromagnetic force, so it doesn't give off light and it doesn't really clump into planets and stars the same way that atoms do. there are a lot of hypothetical candidates with all sorts of fun names, like sterile neutrinos, wimps, and axions. if one of these hypothetical candidates really is the dark matter, which whizzes around and could be all over the place, then there is probably some passing through your room right now, streaming through the earth like a ghost.",0.8175744673038221,"The phrase 'streaming through the earth like a ghost' is a fresh metaphor describing dark matter as ghost-like, which creates new figurative meaning."
why can't tooth resorption be treated more subtly than via root canal?,"if there was a way to remove the inflammatory mediators from the system it would definitely be the preferred treatment. however the root cause of resorption isn't 100% understood and targeting a single tooth pharmacologically would probably be quite difficult, so unfortunately at this time nsrct is the only real treatment that has a decent long term prognosis. external resorption is a different beast that i pray you never have to deal with.",0.5621765008857981,Uses a common idiom and technical terms rather than fresh metaphors.
why the antarctic ice cap stays in one place and does not drift freely like an iceberg?,"it's is because whole continent of antarctica is most on land, underneath kilometers of ice there is rock. the arctic floats though. this is why antarctica is classified as a continent but the arctic is not. on the other hand, you might ask why the arctic doesn't float away. the arctic region is where ice will form on the ocean, so let's say the whole ice sheet decides to drift in one direction, basically ""float away"". the leading edge of the sheet will exit the arctic circle, this means that it is not longer cold enough to maintain the ice so it will start to melt. on the other side new ocean will open up inside the arctic circle and new ice will form. so on one side ice is melting and the other side it is forming so this makes its look like it's stationary even if it's moving. to answer your second question it really can be any size. the entire arctic is basically lots massive icebergs tightly packed together. but if you're referring to the antarctic then only ice that is around the edges of the continent can break off. something you have to realise is that massive icebergs don't last long, they quickly break up into small but still quite large icebergs.",0.0,The text does not contain any novel metaphors; it primarily consists of factual descriptions about Antarctica and the Arctic.
has their ever been a case of a human training an animal which in turn trained another member of its species to perform a task?,"[there's the experiment with monkeys, a banana and cold water.](_url_0_) in short: * put monkeys in a room, with a banana on top of a ladder. if a monkey tries to reach for the banana, every monkey is sprayed with cold water. soon, they understand this and stop trying. * replace one of the monkeys with a new one. he'll try to get the banana, but the other monkeys will beat him up. * replace another monkey. he'll also get beat up, even by the new monkey from the previous step! * repeat until you replaced all monkeys. now they'll beat up any new monkey that tries to get the banana, even though none of them was ever sprayed with cold water. **edit:** this actually didn't happen in this exact form. if you read the link above more carefully than i did, you'll notice it says just that. it also gives a reference to the actual experiment, which allowed me to [find it](_url_1_). i perused it and here is how the experiment was actually performed: * monkeys were set in pairs of the same sex, and the experiment was performed for each pair as described below. * one monkey of the pair is put in a cage with an object in one end, and an air jet next to it. whenever the monkey plays with the object, air is blasted on the monkey. the monkey quickly learns to leave the object alone. * the monkey is then tested without the air blast, to see if it retains the learned response, which it does. * the second monkey of the pair is then put into the cage. the air blast is not active, but the second monkey still acts wary of the object, as he is taught by the first monkey (not necessarily beating him up). * the second monkey is observed alone in the cage to see if it is still wary of the object, which is the case. that's it. other than petty details (the object is not a banana, it's an air jet not a water jet, the monkeys were only in pairs) a big difference with the popular account i initially described is that there's no third monkey that's put into the cage to see if the second monkey would also train him. we see that there's a transmission of culture from a trained monkey to an untrained monkey, and this monkey retains the training even when alone, but it doesn't say if a ""second generation"" monkey that didn't experience the air blast would train a third one.",0.0,"The output mostly describes an experiment without metaphoric language, primarily stating events literally."
"why is it that during winter it's not uncommon to have days with abnormally high temperature and summer-like weather, but in the summer it never drops to winter-like weather for a day?","hmm, lots of incomplete answers here. take a look at [this graph](_url_0_) of solar intensity vs latitude. as you can see, the summer pole receives about as much sunlight as the equator (actually, slightly more because of the 24-hour days in the arctic circle!). on the other hand, there's a huge difference in energy provided to the equator vs the completely dark winter pole. as a result, there's a huge difference in temperature between the winter pole and the equator, and not so much between the summer pole and equator. but that just explains changes in temperature vs *latitude*, not changes over time, so let's think about weather systems. storms are created by the north-south temperature gradient: as heat moves from equator to pole, a small amount of it is converted into kinetic energy. heat flow causes motion, just like a very inefficient steam or gasoline engine. when the temperature difference is large, the ""engine"" runs faster and more efficiently, creating more kinetic energy -- which is to say the storm winds blow stronger when the pole-equator temperature difference is large. so. in the wintertime, the difference in solar heating creates a much larger equator-pole temperature difference than in the summer. this creates much stronger wind patterns. so you've got stronger winds, blowing a bigger temperature gradient around across the surface of the earth ... so you see much bigger temperature shifts from day to day. edited to add some examples. here are views of temperatures and winds at the 500 mbar level [in northern hemisphere summer](_url_2_) (last august 19) and [northern hemisphere winter](_url_1_) (yesterday). colors indicate temperature contrast (purple is colder), streaks indicate wind direction and speed.",0.1192029298447494,"The text mostly contains literal descriptions, similes, and technical explanations like 'heat flow causes motion, just like a very inefficient steam or gasoline engine', which is a simile. There are no fresh or invented metaphors."
do the stains shown by blacklights on hotel sheets actually mean bodily fluids are still there?,"the sheet will glow under uv light if those ""whiter-than-white"" detergents are used to wash them. those detergents contain fluorescent whitening agents.",0.0,"The phrase 'whiter-than-white' is an idiom commonly used in marketing, not a metaphor."
challenger deep: how certain are we that it's the deepest spot in the ocean? how was this proven?,"not really my specialty but i'll try answer what i can... ocean depths are typically, in the modern age, calculated using multi-beam echosounders, which sounds more complicated than it is. essentially what it is is sonar- it sends off 'pings' and records the time it takes to reflect off the ocean floor (i.e the echo). by using multiple beams this system can create a spread of depths in the vicinity rather than a single data point for traditional sonar. given we know the location of every major trench on the planet now (they're fairly easy to find, being coincident with convergent plate boundaries), it's fairly safe to assume they've all been thoroughly surveyed using several different techniques, so given the mariana trench has emerged as the deepest by a reasonable margin, well outside the expected error from mbes. while i honestly don't know for sure, i'd say it's very unlikely a deeper point is found given how much barometric surveying has already taken place.",0.0,"The text contains no metaphors and only discusses sonar technology and its application in mapping ocean depths, adhering strictly to literal and factual information."
isn't it not technically correct to say there are four fundamental forces anymore?,"the higgs is not the mediator of a ""fundamental"" interaction. the ""four forces"" are gauge interactions, and are mediated by *vector* bosons (the higgs is a scalar). gauge theory isn't exactly a trivial subject so it's almost universally omitted in divulgation, but that's basically what is meant by fundamental interaction. the higgs' coupling to fermions instead is a simple, non gauged, yukawa coupling. about the x and y boson, these are hypothetical gauge bosons of most gut (grand unification theory) proposal. a gut is a single gauge interaction unifying the electroweak and strong interactions into a single gauge group, not an additional gauge interaction. finally, it's important to say that the subdivision of the gauge interactions, along with the subsequent ""counting"", it's somewhat arbitrary and at the very least a bit technical. the scheme is as such: - gravity is a gauge interaction but it's quite different from the others, so set it aside - the standard model is a gauge theory over the group u(1)×su(2)×su(3). this group is semisimple, not simple (""simple"" is a tecnical term) and decomposes into three factors, which are - u(1), which is weak hypercharge, mediated by a boson usually called b - su(2), weak isospin, mediated by three bosons w^1 , w^2 , w^3 - su(3), the color or strong interaction, mediated by eight gluons. this makes four gauge interactions if the criterion is that the generators between two different interactions commute. now, as a consequence of the higgs mechanism, there is a certain mixing that happens in the u(1)×su(2) sector (electroweak). basically the b and w^3 bosons are mixed into the photon and the z^0 , while w^1 and w^2 are recombined into the w^+ and w^- . note that the total number of gauge bosons hasn't changed! so instead of weak isospin and hypercharge at low energy one usually talks about - the em gauge interaction, mediated by the photon and with gauge group u(1) (but it's a different copy of u(1) than weak hypercharge) - the ""weak force"", which by itself isn't a full gauge interaction and is really a weird hybrid thing reflecting its ""mixed"" origin, mediated by the ws and the z. that's the list that is usually given and it still gives four.",0.0,The text provides technical descriptions and explanations without using metaphors or figurative language.
can a tornado exist without the cloud touching down? can it essentially be invisible and still destructive?,"technically all tornadoes are invisible. it is just the wind picking up dirt, objects, rain, etc. causing you to see the way the wind is moving. tornadoes happen sometimes without being seen. they can be created in labs with no dirt and be invisible. as for being destructive that is possible but you would likely see stuff still being moved.",0.0,The output contains only literal descriptions and lacks metaphorical language.
what's the biological basis behind 'cooling down' in exercise?,"just a pre-emptive warning: no broscience please. op can get sciencey-sounding answers, some of which may even be true, in plenty of other places, but i presume he/she came here specifically looking for information from someone with formal expertise in exercise physiology. if you have an answer, please mention your sources and/or your credentials (askscience panelists are exempted since they've already been vetted; you can apply to become one [here](_url_0_)).",0.0,The text contains no novel figurative language or metaphors; it is a literal statement about expertise and information-sharing.
"""greenhouse gas levels highest in 3 million years"". okay… so why were greenhouse gases so high 3 million years ago?","at the risk of spamming this across reddit today (i posted it [here](_url_0_) in response to another post), the ipcc's paleoclimate chapter does an excellent job of explaining changes in climate during the past, and their implications for modern climate change: _url_1_ from that chapter: > changes in co2 on these long time scales are thought to be driven by changes in tectonic processes (e.g., volcanic activity source and silicate weathering drawdown; e.g., ruddiman, 1997).",0.0,"The text contains no metaphors, only literal statements about climate and tectonic processes."
"what does it mean when we say that the four fundamental forces are ""unified"" at high energies?","it means that they are all described by a single field theory, in which a certain local symmetry (a gauge symmetry) is restored at a high enough interaction energy. above that energy, interactions behave a certain way which respects that symmetry. below that energy, the symmetry is spontaneously broken and the interactions now behave differently; they do not respect the (newly-broken) symmetry but may still respect other unbroken symmetries, allowing some aspects of the interaction to be well-described as a different interaction with a different symmetry. this is the case, for example, in electroweak theory, in which the su(2) x u(1) symmetry describing an electroweak interaction is spontaneously broken, leaving behind a part of the interaction which still respects a u(1) symmetry (electromagnetism), plus a part of the interaction which doesn't (the weak interaction). (edits for correctness.) experiment is the only way to *know* for sure. but there can be strong theoretical hints. in quantum field theory, interactions are characterized by a coupling constant related to the strength of the interaction. though calling it a constant is something of a misnomer, because the coupling constants ""run"" with the interaction energy level, becoming stronger (or weaker) as the energy increases. one of the hints pointing at a ""grand unified theory"" that unifies the strong and electroweak interactions is the observation that under certain assumptions, the coupling constants for each of these separate interactions approaches the same value at a much higher energy level -- the ""gut scale"" which is currently way, way beyond scales that we have the capacity to probe via experiment. because the unified symmetry is broken at low energies; it isn't respected anymore so the character of the forces change. they are describable by the same theory. the same theory just makes phenomenologically different predictions at lower energy levels when the symmetry is broken than it does at higher energy levels when the symmetry is not broken. hope that helps!",0.0,"The output predominantly uses technical terms like 'gauge symmetry' and 'spontaneously broken symmetry,' which are not metaphors. It lacks fresh figurative language or novel metaphors as per the evaluation criteria."
"could amazon, using its entire delivery network, deliver an entire mountain to my door in 48 hours or less?","i think you vastly underestimate the size of a mountain. the only volume of a mountain i could find in a quick google search was everest, which has a volume of [2413km^(3)](_url_0_). let's say that this mountain you're thinking of is much smaller, only 800km^(3). a semi truck has a volume of 4054 cubic feet. in cubic kilometers, that's 0.000000114km^(3) = 1.14x10^(-7)km^(3). it would therefore take 800/1.14x10^(-7) = 7,017,543,860 trucks, full to the brim to deliver a mountain to you. now, 1billion seconds is about 32 years (be sure to celebrate when you hit your 1billionth second alive!), so if every second, a full semi came to your door and delivered it's load and left (all within that second), it would take ~224 years. obviously it would probably take at least a few hours to empty a truck full of dirt, maybe days, but if we gave each truck an hour to do this, it would take 806,400 years of constant work. 800,000 years is enough time for a few ice ages to happen, so you might just wait for a glacier to arrive, instead of waiting on that amazon delivery.",0.0,"The text contains literal calculations and comparisons, not metaphors. The phrase 'waiting on that amazon delivery' resembles an idiom or a humorous analogy, not a fresh metaphor."
