question,answer,metaphor_v8_score,metaphor_v8_reason,Index,original_question,original_answer,reddit_url,match_score
"Why is it that during winter it's not uncommon to have days with abnormally high temperature and summer-like weather, but in the summer it never drops to winter-like weather for a day?","Hmm, lots of incomplete answers here.

Take a look at [this graph](https://www.e-education.psu.edu/earth103/sites/www.e-education.psu.edu.earth103/files/module03/fig8sol.png) of solar intensity vs latitude.  As you can see, the summer pole receives about as much sunlight as the equator (actually, slightly more because of the 24-hour days in the arctic circle!).  On the other hand, there's a huge difference in energy provided to the equator vs the completely dark winter pole.   As a result, there's a huge difference in temperature between the winter pole and the equator, and not so much between the summer pole and equator.

But that just explains changes in temperature vs *latitude*, not changes over time, so let's think about weather systems.  Storms are created by the north-south temperature gradient: as heat moves from equator to pole, a small amount of it is converted into kinetic energy.  Heat flow causes motion, just like a very inefficient steam or gasoline engine.  When the temperature difference is large, the ""engine"" runs faster and more efficiently, creating more kinetic energy -- which is to say the storm winds blow stronger when the pole-equator temperature difference is large.

So.  In the wintertime, the difference in solar heating creates a much larger equator-pole temperature difference than in the summer.  This creates much stronger wind patterns.  So you've got stronger winds, blowing a bigger temperature gradient around across the surface of the Earth ... so you see much bigger temperature shifts from day to day.

Edited to add some examples.  Here are views of temperatures and winds at the 500 mbar level [in northern hemisphere summer](https://earth.nullschool.net/#2017/08/19/1800Z/wind/isobaric/500hPa/overlay=temp/orthographic=-66.65,42.29,316) (last August 19) and [northern hemisphere winter](https://earth.nullschool.net/#2018/02/19/1800Z/wind/isobaric/500hPa/overlay=temp/orthographic=-66.65,42.29,316) (yesterday).  Colors indicate temperature contrast (purple is colder), streaks indicate wind direction and speed.",0.6791787056691698,"The passage uses an active metaphor by comparing the heat flow from equator to pole to a 'very inefficient steam or gasoline engine,' which is a non-literal conceptual framing that changes how the process is understood. This metaphor introduces a domain shift by applying mechanical engine terminology to atmospheric processes, making it an active metaphor.",1252,"why is it that during winter it's not uncommon to have days with abnormally high temperature and summer-like weather, but in the summer it never drops to winter-like weather for a day?","hmm, lots of incomplete answers here. take a look at [this graph](_url_0_) of solar intensity vs latitude. as you can see, the summer pole receives about as much sunlight as the equator (actually, slightly more because of the 24-hour days in the arctic circle!). on the other hand, there's a huge difference in energy provided to the equator vs the completely dark winter pole. as a result, there's a huge difference in temperature between the winter pole and the equator, and not so much between the summer pole and equator. but that just explains changes in temperature vs *latitude*, not changes over time, so let's think about weather systems. storms are created by the north-south temperature gradient: as heat moves from equator to pole, a small amount of it is converted into kinetic energy. heat flow causes motion, just like a very inefficient steam or gasoline engine. when the temperature difference is large, the ""engine"" runs faster and more efficiently, creating more kinetic energy -- which is to say the storm winds blow stronger when the pole-equator temperature difference is large. so. in the wintertime, the difference in solar heating creates a much larger equator-pole temperature difference than in the summer. this creates much stronger wind patterns. so you've got stronger winds, blowing a bigger temperature gradient around across the surface of the earth ... so you see much bigger temperature shifts from day to day. edited to add some examples. here are views of temperatures and winds at the 500 mbar level [in northern hemisphere summer](_url_2_) (last august 19) and [northern hemisphere winter](_url_1_) (yesterday). colors indicate temperature contrast (purple is colder), streaks indicate wind direction and speed.",https://reddit.com/r/askscience/comments/7yx524/why_is_it_that_during_winter_its_not_uncommon_to/,0.8951048951048951
"if i'm hungry, why doesn't my body just use my fat reserves to nourish me instead of telling me to eat?","that is what the body does. fat exists *so it can feed you* during periods of deprivation. the reason that you can't just starve yourself thin is because there are other nutrients in food that you kinda need to consume. vitamins and minerals. if you blatantly starve yourself, you will get thin. unhealthy as fuck if you actually do starve, but thin.",0.6791786926816161,"The phrase 'fat exists so it can feed you' uses personification, attributing the action of feeding to fat, which is unexpected for the domain of body fat. This non-literal framing changes how the concept of body fat is understood, aligning with the criteria for an active metaphor.",867,"if i'm hungry, why doesn't my body just use my fat reserves to nourish me instead of telling me to eat?","that is what the body does. fat exists *so it can feed you* during periods of deprivation. the reason that you can't just starve yourself thin is because there are other nutrients in food that you kinda need to consume. vitamins and minerals. if you blatantly starve yourself, you will get thin. unhealthy as fuck if you actually do starve, but thin.",,0.0
"How does one actually ""get"" cancer?",">but how does one acquire cancer cells?

You do not ""acquire"" them from outside. Cancer cells are *your own* cells that get awry. That's why it is so hard to cure, and why cancer therapies tend to have awful side-effects.

>Does the smoking over years cause the cancer?

Yep. Specifically, it causes it mostly by pouring mutagenic compounds into your lungs. Genes in your lung cells mutate and this can lead to them becoming cancerous cells.

>If so why does it take so long to become active?

Because it is essentially a statistical process.
Your cells contain genes to replicate themselves. They also contain a lot of genes that block replication, to avoid cells replicating continuously. To make a silly example, imagine genes as a lot of replication on/off switches: if there are more ""off"" switches activated, then the cell does not replicate; if there are significantly more ""on"" switches activated, then the cell replicates. 

Smoke compounds basically bullet your lung cells' DNA. Most of the damage it does is either harmless or leads to death of the cell. But sometimes it happens that the mutations hit a ""replication off"" switch, killing it. Then the cell is a bit more prone to replicate, but perhaps still very slowly. So, you have, say, from one, four or eight slightly-more-prone-to-replicate cells. Now smoke hits them again and, hey, perhaps it hits another ""off"" switch on one of these cells. Now there is one cell that has two switches down. So it perhaps replicates more easily, even if still slowly. Repeat the process until most ""off"" switch are down, and the cell goes into replication frenzy. At this point there's no going back: you can't put back the lost genes. That's what cancer is.

Now, the odds of each smoke inhalation to create such a mutation are absolutely small. Repeat it for years, and the odds increase. That's why it is slow.

>If so why does it take so long to become active?

We do for some cancers, for example prostate or colon cancers. Polyps in colon are pre-cancerous formations: clusters of cells who replicate abnormally but still somewhat controlled. I don't know about lung cancers, but I guess it has to do with intrinsic detection difficulty of very tiny precancerous formations.",0.7057850402140659,"The passage uses an active metaphor by describing smoke compounds as 'bulleting' lung cells' DNA, which introduces a non-literal, domain-shifting conceptual framing. This metaphorical language changes how the process of mutation is understood, emphasizing the aggressive and damaging nature of smoke on DNA. The metaphor is not idiomatic or frozen, and it cannot be interpreted literally without losing its intended meaning.",1568,"how does one actually ""get"" cancer?","you do not ""acquire"" them from outside. cancer cells are *your own* cells that get awry. that's why it is so hard to cure, and why cancer therapies tend to have awful side-effects. yep. specifically, it causes it mostly by pouring mutagenic compounds into your lungs. genes in your lung cells mutate and this can lead to them becoming cancerous cells. because it is essentially a statistical process. your cells contain genes to replicate themselves. they also contain a lot of genes that block replication, to avoid cells replicating continuously. to make a silly example, imagine genes as a lot of replication on/off switches: if there are more ""off"" switches activated, then the cell does not replicate; if there are significantly more ""on"" switches activated, then the cell replicates. smoke compounds basically bullet your lung cells' dna. most of the damage it does is either harmless or leads to death of the cell. but sometimes it happens that the mutations hit a ""replication off"" switch, killing it. then the cell is a bit more prone to replicate, but perhaps still very slowly. so, you have, say, from one, four or eight slightly-more-prone-to-replicate cells. now smoke hits them again and, hey, perhaps it hits another ""off"" switch on one of these cells. now there is one cell that has two switches down. so it perhaps replicates more easily, even if still slowly. repeat the process until most ""off"" switch are down, and the cell goes into replication frenzy. at this point there's no going back: you can't put back the lost genes. that's what cancer is. now, the odds of each smoke inhalation to create such a mutation are absolutely small. repeat it for years, and the odds increase. that's why it is slow. we do for some cancers, for example prostate or colon cancers. polyps in colon are pre-cancerous formations: clusters of cells who replicate abnormally but still somewhat controlled. i don't know about lung cancers, but i guess it has to do with intrinsic detection difficulty of very tiny precancerous formations.",https://reddit.com/r/askscience/comments/iog28/how_does_one_actually_get_cancer/,0.9558011049723757
Are there superconductors for other forces or types of energy?,"At the very least, we expect [color superconductors](https://en.wikipedia.org/wiki/Color_superconductivity) to exist; these are superconductors of the strong force rather than the electromagnetic force. We haven't observed them yet, but they might be relevant for neutron stars, the early Universe, and/or heavy ion collisions.

What about the weak force? Well, you can kind of think of the entire Universe as a weak superconductor, since the Higgs field gives mass to W/Z bosons exactly like the electron-pair condensate gives mass to photons inside a superconductor. In this way of thinking, the reason the weak force is weak is the same reason electric forces don't penetrate through (super)conductors.

As for gravity, there's not really any analogy to a normal conductor (a neutral object with freely moving charges) since gravity always attracts (nothing is neutral) and mass isn't freely moving (there is always as much inertia as there is gravitational attraction; compare electrons, where electric forces overwhelm inertia). So I don't know what to say about a gravitational superconductor.

Finally, I don't know much about it but [this link](http://physics.stackexchange.com/questions/130869/thermal-superconductivity) suggests that superfluid helium-4 is in fact a perfect conductor of heat.",0.7981867801399695,"The passage uses an active metaphor by framing the universe as a 'weak superconductor' through a non-literal conceptual shift. This metaphor changes the understanding of the weak force by comparing it to superconductivity, a domain shift from physics to cosmology. The metaphor is not idiomatic or frozen, as it introduces a novel way of conceptualizing the weak force, aligning with the criteria for an active metaphor.",742,are there superconductors for other forces or types of energy?,"at the very least, we expect [color superconductors](_url_0_) to exist; these are superconductors of the strong force rather than the electromagnetic force. we haven't observed them yet, but they might be relevant for neutron stars, the early universe, and/or heavy ion collisions. what about the weak force? well, you can kind of think of the entire universe as a weak superconductor, since the higgs field gives mass to w/z bosons exactly like the electron-pair condensate gives mass to photons inside a superconductor. in this way of thinking, the reason the weak force is weak is the same reason electric forces don't penetrate through (super)conductors. as for gravity, there's not really any analogy to a normal conductor (a neutral object with freely moving charges) since gravity always attracts (nothing is neutral) and mass isn't freely moving (there is always as much inertia as there is gravitational attraction; compare electrons, where electric forces overwhelm inertia). so i don't know what to say about a gravitational superconductor. finally, i don't know much about it but [this link](_url_1_) suggests that superfluid helium-4 is in fact a perfect conductor of heat.",https://reddit.com/r/askscience/comments/3g1roi/are_there_superconductors_for_other_forces_or/,0.9826086956521739
"On a biomolecular level, what does it actually mean when someone has a ""good"" immune system instead of a ""bad"" one?","Could be a mix of all of the above.

The immune system is split into the innate and active/adaptive systems.  The innate are, to use a video game analogy, all the non-specific ""passive"" defenses of the body.  For example, inflammation, skin, and enzymes designed to digest viral-specific dsRNA are all innate portions of the immune system.  Like passive systems in video games, the innate system is designed to slow down pathogens until the active system comes into play.

The active system is the hunter-killer of the immune system.  Immune cells are basically split into 3 important types: killer T cells, helper T cells, and B cells.  Killer T cells recognize cells that are infected with viruses and destroy them.  Helper T cells bind to ""trash collector"" cells that go aroud digesting cellular debris.  B cells are recruited by helper T cells to produce antibodies that bind to the recognized pathogens and act as ""kill me now"" flags.

The one flaw of the active system is that since each killer and helper T cells are specific to only one pathogen, it can take a very long time for a specific T cell to be able to detect and recognize the pathogen and create an immune response.

People with stronger immune systems may have more immune cells, systems able to better move immune cells around, or may be just lucky (since the protein on T cells that recognize pathogens is randomly generated).

This is a ridiculouslu simplified version.  There are dozens of other nuances and steps in the immune system.",0.9046505351008906,"The passage uses an active metaphor by employing a video game analogy to describe the immune system, introducing a domain shift from gaming to biology. This non-literal framing changes how the immune system is understood, particularly through the comparison of innate defenses to 'passive' systems in video games and the active system as a 'hunter-killer.' The metaphorical language is novel and not idiomatic, fulfilling the criteria for an active metaphor.",1517,"on a biomolecular level, what does it actually mean when someone has a ""good"" immune system instead of a ""bad"" one?","could be a mix of all of the above. the immune system is split into the innate and active/adaptive systems. the innate are, to use a video game analogy, all the non-specific ""passive"" defenses of the body. for example, inflammation, skin, and enzymes designed to digest viral-specific dsrna are all innate portions of the immune system. like passive systems in video games, the innate system is designed to slow down pathogens until the active system comes into play. the active system is the hunter-killer of the immune system. immune cells are basically split into 3 important types: killer t cells, helper t cells, and b cells. killer t cells recognize cells that are infected with viruses and destroy them. helper t cells bind to ""trash collector"" cells that go aroud digesting cellular debris. b cells are recruited by helper t cells to produce antibodies that bind to the recognized pathogens and act as ""kill me now"" flags. the one flaw of the active system is that since each killer and helper t cells are specific to only one pathogen, it can take a very long time for a specific t cell to be able to detect and recognize the pathogen and create an immune response. people with stronger immune systems may have more immune cells, systems able to better move immune cells around, or may be just lucky (since the protein on t cells that recognize pathogens is randomly generated). this is a ridiculouslu simplified version. there are dozens of other nuances and steps in the immune system.",https://reddit.com/r/askscience/comments/5g3stv/on_a_biomolecular_level_what_does_it_actually/,1.0
"If the smell of fresh cut grass is a distress call, to what/whom is it calling?","The compounds released by the grass that you smell are called Green Leaf Volatiles (GLV's), and they are in fact released by almost any plant if their leaves are cut. They are released from damaged plant cells. We usually don't smell it because the quantities are really low. However, if you cut an entire field of grass there will be so much of the gases that you smell it. 

Anyway, the main natural causes of mechanical damage in plants are herbivorous insects, such as caterpillars, beetles and grasshoppers. Green Leaf Volatiles (among others) have been shown to attract predatory and parisitoid insects that attack these insect. The plant is sort of 'calling for help'; attracting the enemy of your enemy helps you get rid of him. There has been extensive research on this topic already, [read a nice summary here](https://student.societyforscience.org/article/plant-enemy%E2%80%99s-enemy). 

This year, a very exciting study has been published that suggests that even birds are able to use these chemicals to find insect prey: [link to article](http://onlinelibrary.wiley.com/doi/10.1111/ele.12177/abstract). So even larger animals might respond to these kind of chemicals.  ",0.5621765008857981,"The passage uses an active metaphor by describing the plant as 'calling for help,' which is a non-literal conceptual framing. This personification changes how the plant's chemical release is understood, suggesting intentionality and communication, which is impossible for plants. The metaphor is novel due to the domain shift from biological processes to human-like behavior.",1933,"if the smell of fresh cut grass is a distress call, to what/whom is it calling?","the compounds released by the grass that you smell are called green leaf volatiles (glv's), and they are in fact released by almost any plant if their leaves are cut. they are released from damaged plant cells. we usually don't smell it because the quantities are really low. however, if you cut an entire field of grass there will be so much of the gases that you smell it. anyway, the main natural causes of mechanical damage in plants are herbivorous insects, such as caterpillars, beetles and grasshoppers. green leaf volatiles (among others) have been shown to attract predatory and parisitoid insects that attack these insect. the plant is sort of 'calling for help'; attracting the enemy of your enemy helps you get rid of him. there has been extensive research on this topic already, [read a nice summary here](_url_0_). this year, a very exciting study has been published that suggests that even birds are able to use these chemicals to find insect prey: [link to article](_url_1_). so even larger animals might respond to these kind of chemicals.",https://reddit.com/r/askscience/comments/1t84kl/if_the_smell_of_fresh_cut_grass_is_a_distress/,0.9487179487179487
"Would you be able to walk on lava, or sink slightly?","IRL, it is not only possible, but occasionally done. Whether it is a safe, or even sane thing to do is an entirely different matter.

It boils down to a few things: 

* The density differential between an average person (1.-somethingish) and most lava flows (3.-ish in general, depending on composition). The viscosity makes it even harder as it deforms slowly (composition may make this vary though). Sinking in this stuff is just not easily possible, it takes determination.

* The temperature differential between the lava flow and the surrounding medium (air, mostly) is such that the flow is immediately coated by a layer of chilled volcanic glass. This behaves like a somewhat plastic to pretty solid material (depending on the thickness of [hyaloclastic material](https://en.wikipedia.org/wiki/Hyaloclastite)). It is really sort of like walking on a water balloon: the underlying surface is a bit soft and deforms under your weight, but provided you compensate for shifts in the geometry of the substrate you'll be ""fine"". Which doesn't mean the surface can't rupture and squirt a small lobe of fresh lava over the top of your foot.

* Your footwear ... obviously, the insulating capacity of whatever you choose to wear in this endeavour, as you trod across liquid and recently liquid rocks will affect your ability to keep walking until you reach safer ground. So ...  the idea is to walk before the soles melt or cook through ... liquid or not, you *are* standing on a surface which is several hundreds of degrees after all, lingering is not the best of ideas.

Bonus:

How it's done:

https://www.youtube.com/watch?v=Do-v1OoGzVQ

https://www.youtube.com/watch?v=e57D4oGoh5s

https://www.youtube.com/watch?v=AuWgTwlfSlA

(Disclaimer: I do not condone, recommend or advise doing any of the behaviors or activities shown here ... and some are pretty stupid - they are merely posted as documentary evidence in answer to OPs question. If a junior assistant tried anything this reckless on one of my field camps, I'd personally kick his sorry ass back to wherever he came from. Run-of-the-mill field accidents are bad enough without having the kids running over flowing lava for kicks and giggles .. and third degree burns...)",0.5926665999540697,"The passage uses an active metaphor by comparing walking on lava to walking on a water balloon, which involves a domain shift from a familiar experience (walking on a water balloon) to an unusual and dangerous context (walking on lava). This non-literal framing changes how the concept of walking on lava is understood, making it an active metaphor.",236,"would you be able to walk on lava, or sink slightly?","irl, it is not only possible, but occasionally done. whether it is a safe, or even sane thing to do is an entirely different matter. it boils down to a few things: * the density differential between an average person (1.-somethingish) and most lava flows (3.-ish in general, depending on composition). the viscosity makes it even harder as it deforms slowly (composition may make this vary though). sinking in this stuff is just not easily possible, it takes determination. * the temperature differential between the lava flow and the surrounding medium (air, mostly) is such that the flow is immediately coated by a layer of chilled volcanic glass. this behaves like a somewhat plastic to pretty solid material (depending on the thickness of [hyaloclastic material](_url_0_)). it is really sort of like walking on a water balloon: the underlying surface is a bit soft and deforms under your weight, but provided you compensate for shifts in the geometry of the substrate you'll be ""fine"". which doesn't mean the surface can't rupture and squirt a small lobe of fresh lava over the top of your foot. * your footwear ... obviously, the insulating capacity of whatever you choose to wear in this endeavour, as you trod across liquid and recently liquid rocks will affect your ability to keep walking until you reach safer ground. so ... the idea is to walk before the soles melt or cook through ... liquid or not, you *are* standing on a surface which is several hundreds of degrees after all, lingering is not the best of ideas. bonus: how it's done: _url_1_ _url_2_ _url_3_ (disclaimer: i do not condone, recommend or advise doing any of the behaviors or activities shown here ... and some are pretty stupid - they are merely posted as documentary evidence in answer to ops question. if a junior assistant tried anything this reckless on one of my field camps, i'd personally kick his sorry ass back to wherever he came from. run-of-the-mill field accidents are bad enough without having the kids running over flowing lava for kicks and giggles .. and third degree burns...)",https://reddit.com/r/askscience/comments/757ulm/would_you_be_able_to_walk_on_lava_or_sink_slightly/,0.9818181818181818
How exactly is unused breast milk absorbed back into the bloodstream?,"The cells in the breast that produce milk are going to either commit suicide (this is called apoptosis and is completely normal) or the connections between those cells and neighboring cells are removed and the cells die of starvation. Other cells come in and destroy the junk that’s left behind and will get rid of most of the harmful stuff left behind. The clean up cells and the remaining cells will most likely take up and use the nutrients left behind. The destroyed cells are replaced with fat cells. 

Breast milk contains protein, fat, and carbs. ~~All of these things can be pushed into the blood stream and easily degraded by the liver or just released in the urine.~~ 

Edit: a lot of the time, any milk left over after weaning will leak out of the breast. unless the ducts in the breast that carry milk to the nipple are blocked, there will be discharge. release of milk is caused by a few mechanisms and it takes a while (up to months) to destroy the majority of milk producing cells. 

Edit 2: those clean up cells will do all the work (macrophages), VERY little of those proteins, fats, or carbs will enter the blood. ",0.7057850216484838,"The passage uses active metaphors such as 'commit suicide' and 'die of starvation' to describe cellular processes, which involve non-literal conceptual framing. These metaphors introduce a domain shift by applying human actions and conditions to cellular behavior, altering the understanding of the biological processes described. The metaphors are not idiomatic or frozen, as they are not commonly used across domains without invoking their source domain.",2222,how exactly is unused breast milk absorbed back into the bloodstream?,"the cells in the breast that produce milk are going to either commit suicide (this is called apoptosis and is completely normal) or the connections between those cells and neighboring cells are removed and the cells die of starvation. other cells come in and destroy the junk that’s left behind and will get rid of most of the harmful stuff left behind. the clean up cells and the remaining cells will most likely take up and use the nutrients left behind. the destroyed cells are replaced with fat cells. breast milk contains protein, fat, and carbs. ~~all of these things can be pushed into the blood stream and easily degraded by the liver or just released in the urine.~~ edit: a lot of the time, any milk left over after weaning will leak out of the breast. unless the ducts in the breast that carry milk to the nipple are blocked, there will be discharge. release of milk is caused by a few mechanisms and it takes a while (up to months) to destroy the majority of milk producing cells. edit 2: those clean up cells will do all the work (macrophages), very little of those proteins, fats, or carbs will enter the blood.",https://reddit.com/r/askscience/comments/9inn8e/how_exactly_is_unused_breast_milk_absorbed_back/,1.0
If a bottle is completely filled with water and I shake it. Does the water still move inside?,"> if it's completely filled such that there's no air, the bottle is completely rigid, theres no particulate, and you don't rotate it the water will effectively be like a rigid body and not move at all. You need some kind of force differential to get things to move relative to one another, and assuming the fluid to be incompressible it's sort of like shaking a cylinder of solid metal.
> If you apply angular momentum though, the fluid wants to stay at rest, but the other fluid is driven by friction, and you create a shear stress in the fluid. Unlike a solid, a fluid deforms in the presence of any shear stress

That was an amazingly detailed and specific response. Thank you, it is always appreciated to get such solid info.",0.7549149923816046,"The passage uses an active metaphor by comparing the behavior of incompressible fluid in a bottle to a 'cylinder of solid metal,' which is a non-literal conceptual framing. This comparison introduces a domain shift from fluid dynamics to solid mechanics, altering the understanding of the fluid's behavior under certain conditions. The metaphor is not idiomatic or frozen, and the meaning cannot be preserved under a literal reading, as it relies on the novel comparison to convey the concept.",2694,if a bottle is completely filled with water and i shake it. does the water still move inside?,"if it's completely filled such that there's no air, the bottle is completely rigid, theres no particulate, and *you don't rotate it* the water will effectively be like a rigid body and not move at all. you need some kind of force differential to get things to move relative to one another, and assuming the fluid to be incompressible it's sort of like shaking a cylinder of solid metal. if you apply angular momentum though, the fluid wants to stay at rest, but the other fluid is driven by friction, and you create a shear stress in the fluid. unlike a solid, a fluid deforms in the presence of any shear stress.",https://reddit.com/r/askscience/comments/6pw57i/if_a_bottle_is_completely_filled_with_water_and_i/,0.875
"When I take medicine that supresses symptoms, do I prolong the sickness?","There are basically three classes of symptoms

* caused by the disease ""intentionally"" to help it survive
* caused by your body to manipulate your behavior 
* caused by your body to promote healing

And each symptom is often a mix of the three.  There isn't enough research in lots of cases to say surely if a specific symptom is good or bad, and intensity of the symptom is important to consider as well.

In short: it's complicated, and for your specific question, not well understood.",0.7549149868676284,"The passage uses personification by attributing intentional actions to a disease, suggesting it 'intentionally' causes symptoms to help it survive. This non-literal framing changes how the disease is understood, making it an active metaphor.",1589,"when i take medicine that supresses symptoms, do i prolong the sickness?","there are basically three classes of symptoms * caused by the disease ""intentionally"" to help it survive * caused by your body to manipulate your behavior * caused by your body to promote healing and each symptom is often a mix of the three. there isn't enough research in lots of cases to say surely if a specific symptom is good or bad, and intensity of the symptom is important to consider as well. in short: it's complicated, and for your specific question, not well understood.",https://reddit.com/r/askscience/comments/3hc45c/when_i_take_medicine_that_supresses_symptoms_do_i/,1.0
What's stopping the development of better batteries?,"There are a lot of things to consider in developing battery technology. Paraphrasing [this review](http://pubs.rsc.org/en/content/articlehtml/2011/ee/c1ee01598b) of new Li-ion Battery tech:

* Batteries are complicated. New electrode materials, solution species, new separators and even cases requires rigorous studies of the correlation among composition, morphology structure, surface chemistry, intrinsic electrochemical behaviour, and thermal stability, so every R&D effort requires *a lot* of basic science.

* Engineering also has to be taken into account. For example, if an otherwise effective battery changes volume upon consumption, that can make it be less appealing.

* Safety concerns. When you're dealing with high density energy storage, if something goes wrong, it will completely ruin the field as far as investors are concerned. Everything has to be double and triple-checked.

Of course, there's some promising new fields, like vanadium redox batteries that can give theoretically unlimited upper capacity, although they are not very energy dense.",0.0,"The passage does not contain any active metaphors. It provides a literal and technical description of battery technology development, focusing on scientific and engineering aspects without employing non-literal conceptual framing or domain shifts. The language used is straightforward and does not invoke any figurative language that changes the understanding of the concepts discussed.",2202,what's stopping the development of better batteries?,"there are a lot of things to consider in developing battery technology. paraphrasing [this review](_url_0_) of new li-ion battery tech: * batteries are complicated. new electrode materials, solution species, new separators and even cases requires rigorous studies of the correlation among composition, morphology structure, surface chemistry, intrinsic electrochemical behaviour, and thermal stability, so every r & d effort requires *a lot* of basic science. * engineering also has to be taken into account. for example, if an otherwise effective battery changes volume upon consumption, that can make it be less appealing. * safety concerns. when you're dealing with high density energy storage, if something goes wrong, it will completely ruin the field as far as investors are concerned. everything has to be double and triple-checked. of course, there's some promising new fields, like vanadium redox batteries that can give theoretically unlimited upper capacity, although they are not very energy dense.",https://reddit.com/r/askscience/comments/1k3dlf/whats_stopping_the_development_of_better_batteries/,0.9572649572649573
"Why does nitrogen break the octet rule in NO, while oxygen do not?","Because nitrogen wants five valence electrons, and oxygen wants six. If you draw the resonance forms of NO, the variation which places the radical on oxygen instead results in oxygen having only five valence electrons, and nitrogen having six. Therefore, this resonance form gives oxygen a formal positive charge and nitrogen a formal negative charge. Generally speaking, a particular resonance form contributes less to the overall, averaged structure when it has more formal charge present, because this is a less stable configuration of electrons. Therefore, the uncharged resonance form, in which the radical is drawn on nitrogen, dominates the molecular behavior, and this simpler form is what's usually drawn.

While writing this, my first thought was that in reality, the unpaired electron ought to be shared, to some degree, by both, since it's possible to draw a resonance structure, however unstable, with the radical on oxygen. However, it turns out that this isn't the case, as quantum chemistry simulations have shown. The radical actually is localized pretty much entirely on nitrogen. For more information you can read [here](https://www.quora.com/What-sp-hybridizations-do-nitrogen-and-oxygen-have-in-NO-and-NO2-How-are-the-atomic-orbitals-overlapped-in-these-molecules).

**tl;dr** Nitrogen gets the radical because this prevents either atom from getting a formal charge.",0.0,"The passage provides a literal explanation of chemical bonding and resonance forms in nitrogen and oxygen, without employing any non-literal conceptual framing or domain shift. It describes the distribution of electrons and formal charges in a straightforward, technical manner, which aligns with standard scientific terminology and does not invoke metaphorical language.",1094,"why does nitrogen break the octet rule in no, while oxygen do not?","because nitrogen wants five valence electrons, and oxygen wants six. if you draw the resonance forms of no, the variation which places the radical on oxygen instead results in oxygen having only five valence electrons, and nitrogen having six. therefore, this resonance form gives oxygen a formal positive charge and nitrogen a formal negative charge. generally speaking, a particular resonance form contributes less to the overall, averaged structure when it has more formal charge present, because this is a less stable configuration of electrons. therefore, the uncharged resonance form, in which the radical is drawn on nitrogen, dominates the molecular behavior, and this simpler form is what's usually drawn. while writing this, my first thought was that in reality, the unpaired electron ought to be shared, to some degree, by both, since it's possible to draw a resonance structure, however unstable, with the radical on oxygen. however, it turns out that this isn't the case, as quantum chemistry simulations have shown. the radical actually is localized pretty much entirely on nitrogen. for more information you can read [here](_url_0_). **tl;dr** nitrogen gets the radical because this prevents either atom from getting a formal charge.",https://reddit.com/r/askscience/comments/8un8f9/why_does_nitrogen_break_the_octet_rule_in_no/,0.990990990990991
Do migratory animals born in captivity exhibit migratory instincts?,"I don't know about birds, but I do know about monarch butterflies since I've raised many of them in captivity and then released them. Monarch butterflies have an internal compass that tells them where to go and when. When the seasons change, they know to migrate and their internal compass tells them where to go. It's been programmed ever since the first monarch butterfly evolved. There's even a group of monarchs that flies over the Great Lakes in North America and takes a several mile detour around the middle of one of the Great Lakes because when the butterflies started migrating that way, there was a mountain there. There's no mountain there anymore, but that route is programmed into their genetic code. That being said, that compass only works if they can see the sun/sky. This is why they don't do well in those butterfly conservatories - they get confused because they can't see the sun and they eventually die from stress.",0.2689414213699951,"The passage describes monarch butterflies using literal language about their migration patterns and genetic programming. The term 'internal compass' is a common metaphorical expression for innate navigation abilities and does not involve a novel domain shift. The description can be interpreted literally without loss of meaning, indicating no active metaphor is present.",315,do migratory animals born in captivity exhibit migratory instincts?,"i don't know about birds, but i do know about monarch butterflies since i've raised many of them in captivity and then released them. monarch butterflies have an internal compass that tells them where to go and when. when the seasons change, they know to migrate and their internal compass tells them where to go. it's been programmed ever since the first monarch butterfly evolved. there's even a group of monarchs that flies over the great lakes in north america and takes a several mile detour around the middle of one of the great lakes because when the butterflies started migrating that way, there was a mountain there. there's no mountain there anymore, but that route is programmed into their genetic code. that being said, that compass only works if they can see the sun/sky. this is why they don't do well in those butterfly conservatories - they get confused because they can't see the sun and they eventually die from stress.",https://reddit.com/r/askscience/comments/4siayu/do_migratory_animals_born_in_captivity_exhibit/,1.0
"How dark is it inside the human body? How translucent are our muscles, fat, and connective tissues? Can our intestines tell if we are sun bathing?","Muscles are very opaque to visible light. Anything that is below muscular tissue would be shielded very effectively from visible light, especially your gut. Of course, there are many types of electromagnetic radiation that can go right through a human body as if it wasn't even there, so it depends on which part of the spectrum you're looking at.

As for fat and connective tissue, I can't speak directly for that, although I assume that they're more transparent than muscle.

edit: And obviously, our intestines have no direct way of sensing light, so they couldn't ""tell"" if we were sunbathing regardless of how much visible light was hitting them. I don't think that's the question you were asking though :P",0.0,"The passage provides a literal explanation of how different tissues interact with electromagnetic radiation, without employing any non-literal conceptual framing or domain shift. The mention of intestines not being able to 'tell' if we were sunbathing is a literal statement about sensory capabilities, not a metaphorical expression.",2630,"how dark is it inside the human body? how translucent are our muscles, fat, and connective tissues? can our intestines tell if we are sun bathing?","muscles are very opaque to visible light. anything that is below muscular tissue would be shielded very effectively from visible light, especially your gut. of course, there are many types of electromagnetic radiation that can go right through a human body as if it wasn't even there, so it depends on which part of the spectrum you're looking at. as for fat and connective tissue, i can't speak directly for that, although i assume that they're more transparent than muscle. edit: and obviously, our intestines have no direct way of sensing light, so they couldn't ""tell"" if we were sunbathing regardless of how much visible light was hitting them. i don't think that's the question you were asking though :p",https://reddit.com/r/askscience/comments/1yris1/how_dark_is_it_inside_the_human_body_how/,1.0
"if time slows down if nearer a massive object, does that mean places in the universe are younger than others?","yes, you're entirely correct. within our own solar system: if you placed a clock on earth and mercury 4.6bn years ago, the one on mercury would be ~100 years behind the one on earth. using the math from the wiki article, 115 years, but i don't know that it's accurate.",0.0,"The passage does not contain any active metaphor. It provides a factual statement about the difference in time experienced by clocks on Earth and Mercury, which is a literal description based on scientific principles. There is no non-literal conceptual framing or domain shift present.",2657,"if time slows down if nearer a massive object, does that mean places in the universe are younger than others?","yes, you're entirely correct. within our own solar system: if you placed a clock on earth and mercury 4.6bn years ago, the one on mercury would be ~100 years behind the one on earth. using the math from the wiki article, 115 years, but i don't know that it's accurate.",,0.0
"Where does data actually go when you ""empty the recycle bin"" on your pc?","It doesn't go anywhere, your OS just allows those disk sectors to be overwritten next time you need to save something.",0.0,The passage describes a technical process in a literal manner without employing non-literal conceptual framing or domain shift. The explanation of how disk sectors are overwritten is straightforward and lacks any figurative language or metaphorical elements.,2523,"where does data actually go when you ""empty the recycle bin"" on your pc?","it doesn't go anywhere, your os just allows those disk sectors to be overwritten next time you need to save something.",https://reddit.com/r/askscience/comments/13omf9/where_does_data_actually_go_when_you_empty_the/,1.0
How do psychologists distinguish between a patient who suffers from Body Dysmorphic Disorder and someone who is simply depressed from being unattractive?,"To answer that question, you must know that Body Dysmorphic Disorder (BDD) is a compulsive disorder, in the same family as OCD. A diagnosis of BDD features a prominent obsession with appearance or perceived defects, and related compulsive behaviors such as excessive grooming/mirror-checking and seeking reassurance. Keep in mind, these behaviors occur at a clinical level, meaning it is not the same as simply posting a 'fishing' status on Facebook; it's markedly more frequent and severe behavior.

The differential diagnosis between BDD and Major Depressive Disorder (MDD) focuses on the prominence of preoccupation with appearance and the presence of compulsive behaviors. While appearance can be a factor in MDD, an individual with BDD will be markedly more concerned with appearance and will exhibit the aforementioned compulsions. 

It should also be noted that MDD is commonly comorbid with BDD, meaning that they are often diagnosed together. BDD often causes individuals to develop depression. In these cases, however, the diagnostic criteria for *both* disorders are met.

*Source: Diagnostic and Statistical Manual, 5th Edition (American Psychiatric Association, 2013)*",0.0,"The passage provides a literal explanation of body dysmorphic disorder (BDD) and its differentiation from major depressive disorder (MDD). It does not employ any non-literal conceptual framing or active metaphorical language. The description is straightforward and clinical, focusing on diagnostic criteria and behaviors without using figurative language.",2659,how do psychologists distinguish between a patient who suffers from body dysmorphic disorder and someone who is simply depressed from being unattractive?,"to answer that question, you must know that body dysmorphic disorder (bdd) is a compulsive disorder, in the same family as ocd. a diagnosis of bdd features a prominent obsession with appearance or perceived defects, and related compulsive behaviors such as excessive grooming/mirror-checking and seeking reassurance. keep in mind, these behaviors occur at a clinical level, meaning it is not the same as simply posting a 'fishing' status on facebook; it's markedly more frequent and severe behavior. the differential diagnosis between bdd and major depressive disorder (mdd) focuses on the prominence of preoccupation with appearance and the presence of compulsive behaviors. while appearance can be a factor in mdd, an individual with bdd will be markedly more concerned with appearance and will exhibit the aforementioned compulsions. it should also be noted that mdd is commonly comorbid with bdd, meaning that they are often diagnosed together. bdd often causes individuals to develop depression. in these cases, however, the diagnostic criteria for *both* disorders are met. *source: diagnostic and statistical manual, 5th edition (american psychiatric association, 2013)*",https://reddit.com/r/askscience/comments/7fyx12/how_do_psychologists_distinguish_between_a/,1.0
Is music finite?,"By my interpretation of this broad question, music is infinite. 

1st reason: Songs can last any amount of time. Even though each individual song has finite length, the total length of a song can be any length. Since there is an infinite number of song-lengths, there must be an infinite number of songs. 

2nd reason: Given a single song, you can produce an infinite number of *technically* different songs. You can replace any note with two notes half its length. By repeating this process, you can produce an infinite number of ""new"" songs.",0.0,"The passage does not contain an active metaphor. It presents a literal argument about the infinite nature of music based on the potential variations in song length and composition. There is no non-literal conceptual framing or domain shift that changes the understanding of the concept, and the reasoning is grounded in a literal interpretation of musical possibilities.",525,is music finite?,"by my interpretation of this broad question, music is infinite. 1st reason: songs can last any amount of time. even though each individual song has finite length, the total length of a song can be any length. since there is an infinite number of song-lengths, there must be an infinite number of songs. 2nd reason: given a single song, you can produce an infinite number of *technically* different songs. you can replace any note with two notes half its length. by repeating this process, you can produce an infinite number of ""new"" songs.",https://reddit.com/r/askscience/comments/4tchc1/is_music_finite/,1.0
"what is quantum ""spookiness""?","this refers to something einstein wrote in 1935 where he referred to quantum entanglement as ""spooky action at a distance."" it refers to a phenomenon where if measurements are made on two entangled systems, the measurements will have correlated outcomes, even if the measurements are performed instantaneously and there isn't enough time for the information from one experiment to propagate to the other, seemingly faster than light. there is a misconception that this can be use for faster than light communication, but it cannot because both sides still just observe random information and have to compare it later to see if it's correlated.",0.1066905932355534,"The passage describes a term coined by Einstein, 'spooky action at a distance,' which is a conventional and widely recognized metaphor for quantum entanglement. It does not introduce a novel domain shift or non-literal conceptual framing that changes understanding, as it is a standard term in physics. Therefore, it does not meet the criteria for an active metaphor.",399,"what is quantum ""spookiness""?","this refers to something einstein wrote in 1935 where he referred to quantum entanglement as ""spooky action at a distance."" it refers to a phenomenon where if measurements are made on two entangled systems, the measurements will have correlated outcomes, even if the measurements are performed instantaneously and there isn't enough time for the information from one experiment to propagate to the other, seemingly faster than light. there is a misconception that this can be use for faster than light communication, but it cannot because both sides still just observe random information and have to compare it later to see if it's correlated.",,0.0
"are there any animals with any concept of ""humor""?","there's evidence that laughter has a common evolutionary root between humans and some apes, and perhaps serves some sort of social purpose. [source](_url_1_) [source](_url_0_) [source](_url_3_) [source](_url_2_)",0.0,The passage provides a literal explanation of laughter's evolutionary roots and social purpose without employing any non-literal conceptual framing or domain shift. It lacks any active metaphorical language as defined by the evaluation steps.,2406,"are there any animals with any concept of ""humor""?","there's evidence that laughter has a common evolutionary root between humans and some apes, and perhaps serves some sort of social purpose. [source](_url_1_) [source](_url_0_) [source](_url_3_) [source](_url_2_)",,0.0
